{
 "coeffs": {
 "const": 4.703303,
"lin": 0.002468398,
"AR1": 0.9463285,
"AR2": -0.2712389 
},
"type": "linear",
"AR_level":        2,
"r_square": 0.8303126,
"standard_error": 0.03837124,
"number_parameters": 4,
"intervention_values": [ 4, 73, 97 ] 
}
