{
 "coeffs": {
 "const": -1.227704,
"lin": -0.0001002214 
},
"type": "log1",
"AR_level":        1,
"r_square": 0.9873888,
"standard_error": 0.00147781,
"number_parameters": 3,
"intervention_values": [ 22, 44, 79, 96, 116, 133, 150, 167, 240, 294 ] 
}
