{
 "coeffs": {
 "const": -1.224571,
"lin": -0.0001629132,
"quad": 2.111428e-07 
},
"type": "log2",
"AR_level":        1,
"r_square": 0.9874257,
"standard_error": 0.001475646,
"number_parameters": 4,
"intervention_values": [ 22, 44, 79, 96, 116, 133, 150, 167, 240, 294 ] 
}
