{
 "coeffs": {
 "const": 0.729263,
"lin": -7.193751e-05 
},
"type": "log1",
"AR_level":        1,
"r_square": 0.9722607,
"standard_error": 0.001175301,
"number_parameters": 3,
"intervention_values": [ 41, 47, 69, 92, 115, 147, 164, 168, 294 ] 
}
