{
 "coeffs": {
 "const": 0.7271788,
"lin": -4.694765e-05,
"quad": -1.298546e-07,
"interv1": 0.003129825 
},
"type": "log2",
"AR_level":        1,
"r_square": 0.9715731,
"standard_error": 0.001189778,
"intervention_data": [
 {
 "point": 92,
"type": "step" 
} 
],
"number_parameters": 5,
"intervention_values": [ 41, 47, 69, 92, 115, 147, 164, 168, 294 ] 
}
