{
 "coeffs": {
 "const": 0.3350117,
"lin": -0.0007605755,
"quad": 8.08878e-06,
"cub": -2.724836e-08 
},
"type": "cubic",
"AR_level":        1,
"r_square": 0.9604274,
"standard_error": 0.001152886,
"number_parameters": 5,
"intervention_values": [ 65, 141 ] 
}
