{
 "coeffs": {
 "const": 0.3306083,
"lin": -0.0004155242,
"quad": 2.187031e-06,
"AR1": 0.6921281,
"AR2": 0.1962079 
},
"type": "square",
"AR_level":        2,
"r_square": 0.9574647,
"standard_error": 0.001151742,
"number_parameters": 5,
"intervention_values": [ 65, 141 ] 
}
