{
 "coeffs": {
 "const": 1.914341,
"lin": -0.0006270941 
},
"type": "log1",
"AR_level":        1,
"r_square": 0.9861755,
"standard_error": 0.004191732,
"number_parameters": 3,
"intervention_values": [ 39, 116, 176 ] 
}
