{
 "coeffs": {
 "const": 0.3235095,
"lin": 0.001635948,
"quad": -3.189767e-05,
"cub": 1.738572e-07,
"interv1": 0.02811716,
"AR1": 0.6589226,
"AR2": 0.2301557 
},
"type": "cubic",
"AR_level":        2,
"r_square": 0.8978667,
"standard_error": 0.005910373,
"intervention_data": [
 {
 "point": 57,
"type": "step" 
} 
],
"number_parameters": 7,
"intervention_values": [ 57, 89, 120 ] 
}
