{
 "coeffs": {
 "const": 0.4659669,
"lin": -0.0004119139,
"quad": 1.298485e-06,
"interv1": -0.0131473,
"interv2": 0.1101742,
"AR1": 1.365654,
"AR2": -0.4069761 
},
"type": "log2",
"AR_level":        2,
"r_square": 0.9536188,
"standard_error": 0.005765297,
"intervention_data": [
 {
 "point": 99,
"type": "step" 
},
{
 "point": 194,
"type": "pulse" 
} 
],
"number_parameters": 7,
"intervention_values": [ 34, 52, 54, 66, 77, 99, 120, 128, 151, 164, 172, 194, 201, 204 ] 
}
