{
 "coeffs": {
 "const": 0.4411985,
"lin": 0.001098342,
"quad": -1.827558e-05,
"cub": 6.371747e-08,
"interv1": 0.1104648,
"AR1": 1.420789,
"AR2": -0.5696003,
"AR3": 0.1197951 
},
"type": "log3",
"AR_level":        3,
"r_square": 0.9647684,
"standard_error": 0.005028809,
"intervention_data": [
 {
 "point": 194,
"type": "pulse" 
} 
],
"number_parameters": 8,
"intervention_values": [ 34, 52, 54, 66, 77, 99, 120, 128, 151, 164, 172, 194, 201, 204 ] 
}
