{
 "coeffs": {
 "const": 3.276078,
"lin": 0.009269651,
"quad": -7.432738e-05,
"cub": 2.496042e-07,
"interv1": -0.5345184,
"AR1": 0.6597113,
"AR2": 0.1788236 
},
"type": "cubic",
"AR_level":        2,
"r_square": 0.9754908,
"standard_error": 0.02285409,
"intervention_data": [
 {
 "point": 56,
"type": "pulse" 
} 
],
"number_parameters": 7,
"intervention_values": [ 56, 100, 145 ] 
}
