{
 "coeffs": {
 "const": 5.042457,
"lin": 0.008214058 
},
"type": "linear",
"AR_level":        1,
"r_square": 0.9672338,
"standard_error": 0.1006182,
"number_parameters": 3,
"intervention_values": [ 8, 20, 30, 79, 171, 190, 208 ] 
}
