{
 "coeffs": {
 "const": 0.1305263,
"lin": 5.001674e-05,
"interv1": -0.02144752,
"interv2": -0.01754424,
"interv3": 0.006399327,
"interv4": 0.01529774,
"AR1": 0.6317747,
"AR2": 0.1336056,
"AR3": 0.1602113 
},
"type": "linear",
"AR_level":        3,
"r_square": 0.9373694,
"standard_error": 0.004258373,
"intervention_data": [
 {
 "point": 69,
"type": "step" 
},
{
 "point": 99,
"type": "step" 
},
{
 "point": 256,
"type": "step" 
},
{
 "point": 262,
"type": "step" 
} 
],
"number_parameters": 9,
"intervention_values": [ 17, 24, 69, 99, 148, 158, 203, 246, 256, 262, 297, 302, 312, 328 ] 
}
