{
 "coeffs": {
 "const": -1.922588,
"lin": -0.003440525,
"quad": 1.113238e-05,
"interv1": -0.1202746,
"AR1": 0.7049774,
"AR2": 0.2339431 
},
"type": "log2",
"AR_level":        2,
"r_square": 0.9412494,
"standard_error": 0.03696631,
"intervention_data": [
 {
 "point": 69,
"type": "step" 
} 
],
"number_parameters": 6,
"intervention_values": [ 17, 24, 69, 99, 148, 158, 203, 246, 256, 262, 297, 302, 312, 328 ] 
}
