{
 "coeffs": {
 "const": 1.074182,
"lin": 0.0003085813,
"quad": -4.830382e-07 
},
"type": "log2",
"AR_level":        1,
"r_square": 0.9519893,
"standard_error": 0.004874496,
"number_parameters": 4,
"intervention_values": [ 25, 53, 79, 106, 139, 143, 168, 229, 261, 294 ] 
}
