{
 "coeffs": {
 "const": 0.3763735,
"lin": -0.0003632579 
},
"type": "log1",
"AR_level":        1,
"r_square": 0.9104342,
"standard_error": 0.009819032,
"number_parameters": 3,
"intervention_values": [ 28, 66, 119, 144 ] 
}
