{
 "coeffs": {
 "const": 0.4539545,
"lin": -0.005862125,
"quad": 8.694873e-05,
"cub": -3.771174e-07 
},
"type": "log3",
"AR_level":        1,
"r_square": 0.9133306,
"standard_error": 0.009658963,
"number_parameters": 5,
"intervention_values": [ 28, 66, 119, 144 ] 
}
