{
 "coeffs": {
 "const": 4.084686,
"lin": -0.03410556,
"quad": 0.0002413464,
"cub": -4.120179e-07,
"AR1": 0.2504136,
"AR2": 0.3645834 
},
"type": "cubic",
"AR_level":        2,
"r_square": 0.4852925,
"standard_error": 0.6520545,
"number_parameters": 6,
"intervention_values": [ 56, 102, 220, 260 ] 
}
