{
 "coeffs": {
 "const": 3.328664,
"lin": 0.01108528,
"interv1": -1.903514,
"AR1": 0.1504637,
"AR2": 0.2952977 
},
"type": "linear",
"AR_level":        2,
"r_square": 0.523936,
"standard_error": 0.6270993,
"intervention_data": [
 {
 "point": 56,
"type": "step" 
} 
],
"number_parameters": 5,
"intervention_values": [ 56, 102, 220, 260 ] 
}
