{
 "coeffs": {
 "const":  1.62801,
"lin": -0.02450998,
"quad": 0.0002021714,
"cub": -4.321842e-07,
"AR1": 0.4715148,
"AR2": 0.1966312,
"AR3": -0.2949796,
"AR4": 0.1378304,
"AR5": 0.1332497 
},
"type": "log3",
"AR_level":        5,
"r_square": 0.4406018,
"standard_error": 0.4378122,
"number_parameters": 9,
"intervention_values": [ 56, 102, 220, 260 ] 
}
