{
 "coeffs": {
 "const": 4.336001,
"lin": -0.03620643,
"quad": 0.0001187188,
"interv1": 1.602547,
"AR1": 0.2185575,
"AR2": 0.3009903,
"AR3": -0.1856834 
},
"type": "square",
"AR_level":        3,
"r_square": 0.5246106,
"standard_error": 0.6278704,
"intervention_data": [
 {
 "point": 102,
"type": "step" 
} 
],
"number_parameters": 7,
"intervention_values": [ 56, 102, 220, 260 ] 
}
