{
 "coeffs": {
 "const": 0.1702361,
"lin": 0.0006523887,
"AR1": 0.1881538,
"AR2": 0.4782831 
},
"type": "linear",
"AR_level":        2,
"r_square": 0.588123,
"standard_error": 0.03466391,
"number_parameters": 4,
"intervention_values": [ 112, 180 ] 
}
