{
 "coeffs": {
 "const": 0.3509036,
"lin": -0.0003233906,
"quad": 3.501265e-06,
"cub": -8.291943e-09 
},
"type": "cubic",
"AR_level":        1,
"r_square": 0.952958,
"standard_error": 0.001808058,
"number_parameters": 5,
"intervention_values": [ 14, 28, 48, 68, 88, 111, 137, 140, 160, 168, 206, 261, 271, 294 ] 
}
