{
 "coeffs": {
 "const": -1.071164,
"lin": 0.0001716348 
},
"type": "log1",
"AR_level":        1,
"r_square": 0.9535703,
"standard_error": 0.005052743,
"number_parameters": 3,
"intervention_values": [ 14, 28, 48, 68, 88, 111, 137, 140, 160, 168, 206, 261, 271, 294 ] 
}
