{
 "coeffs": {
 "const": -1.078963,
"lin": 0.0003276757,
"quad": -5.255661e-07 
},
"type": "log2",
"AR_level":        1,
"r_square": 0.9536595,
"standard_error": 0.005047888,
"number_parameters": 4,
"intervention_values": [ 14, 28, 48, 68, 88, 111, 137, 140, 160, 168, 206, 261, 271, 294 ] 
}
