{
 "coeffs": {
 "const":  0.33972,
"lin": 0.0001175155,
"quad": -1.921373e-07 
},
"type": "square",
"AR_level":        1,
"r_square": 0.9524309,
"standard_error": 0.00181816,
"number_parameters": 4,
"intervention_values": [ 14, 28, 48, 68, 88, 111, 137, 140, 160, 168, 206, 261, 271, 294 ] 
}
