{
 "coeffs": {
 "const":  1.69668,
"lin": -0.0006935942,
"AR1": 1.168684,
"AR2": -0.1767254 
},
"type": "log1",
"AR_level":        2,
"r_square": 0.9952287,
"standard_error": 0.006170895,
"number_parameters": 4,
"intervention_values": [ 48, 84, 111, 223, 323 ] 
}
