{
 "coeffs": {
 "const": 1.835601,
"lin": -0.003488925,
"quad": 1.095966e-05,
"cub": -8.128797e-09,
"AR1": 1.158564,
"AR2": -0.1824235 
},
"type": "log3",
"AR_level":        2,
"r_square": 0.995256,
"standard_error": 0.006153202,
"number_parameters": 6,
"intervention_values": [ 48, 84, 111, 223, 323 ] 
}
