{
 "coeffs": {
 "const": 3.024764,
"lin": 0.04572275,
"quad": -0.000215478,
"cub": 3.466453e-07 
},
"type": "cubic",
"AR_level":        1,
"r_square": 0.9842745,
"standard_error": 0.1171223,
"number_parameters": 5,
"intervention_values": [ 7, 20, 22, 29, 67, 117, 188, 208 ] 
}
