{
 "coeffs": {
 "const": 3.990178,
"lin": 0.01408383 
},
"type": "linear",
"AR_level":        1,
"r_square": 0.9829305,
"standard_error": 0.1220248,
"number_parameters": 3,
"intervention_values": [ 7, 20, 22, 29, 67, 117, 188, 208 ] 
}
