{
 "coeffs": {
 "const": 1.200467,
"lin": 0.008042606,
"quad": -2.48098e-05 
},
"type": "log2",
"AR_level":        1,
"r_square": 0.9859211,
"standard_error": 0.02283808,
"number_parameters": 4,
"intervention_values": [ 7, 20, 22, 29, 67, 117, 188, 208 ] 
}
