{
 "coeffs": {
 "const": 1.134337,
"lin": 0.01262295,
"quad": -7.577027e-05,
"cub": 1.565965e-07,
"interv1": -0.03141736 
},
"type": "log3",
"AR_level":        1,
"r_square": 0.9861042,
"standard_error": 0.02268905,
"intervention_data": [
 {
 "point": 20,
"type": "step" 
} 
],
"number_parameters": 6,
"intervention_values": [ 7, 20, 22, 29, 67, 117, 188, 208 ] 
}
