{
 "coeffs": {
 "const": -0.5871541,
"lin": -0.03601701,
"quad": 0.0003698396,
"cub": -1.035539e-06,
"AR1": 0.519075,
"AR2": 0.2322774,
"AR3": 0.1800262 
},
"type": "log3",
"AR_level":        3,
"r_square": 0.8791964,
"standard_error": 0.1294837,
"number_parameters": 7,
"intervention_values": [ 62, 111, 149, 205 ] 
}
