{
 "coeffs": {
 "const": 0.2500936,
"lin": 0.00475819,
"quad": -4.725687e-05,
"cub": 1.37323e-07 
},
"type": "cubic",
"AR_level":        1,
"r_square": 0.9803377,
"standard_error": 0.004509445,
"number_parameters": 5,
"intervention_values": [ 28, 96, 153, 183 ] 
}
