{
 "coeffs": {
 "const": -4.055648,
"lin": 0.01916727,
"quad": -4.87124e-05 
},
"type": "log2",
"AR_level":        1,
"r_square": 0.9687149,
"standard_error": 0.1129456,
"number_parameters": 4,
"intervention_values": [ 5, 11, 45, 73, 182, 216 ] 
}
