{
 "coeffs": {
 "const": -1.742702,
"lin": 0.007030169,
"quad": -1.835891e-05,
"AR1": 0.7967169,
"AR2": 0.1545406 
},
"type": "log2",
"AR_level":        2,
"r_square": 0.9930328,
"standard_error": 0.01588623,
"number_parameters": 5,
"intervention_values": [ 52, 106, 271 ] 
}
