{
 "coeffs": {
 "const": 0.2893071,
"lin": 0.001006491 
},
"type": "log1",
"AR_level":        1,
"r_square": 0.9053263,
"standard_error": 0.02170213,
"number_parameters": 3,
"intervention_values": [ 20, 27, 120, 147 ] 
}
