{
 "coeffs": {
 "const": 0.3252052,
"lin": 0.002856924,
"quad": -4.883949e-05,
"cub": 2.839475e-07,
"interv1": -0.05331108 
},
"type": "log3",
"AR_level":        1,
"r_square": 0.8992096,
"standard_error": 0.02239223,
"intervention_data": [
 {
 "point": 20,
"type": "step" 
} 
],
"number_parameters": 6,
"intervention_values": [ 20, 27, 120, 147 ] 
}
