{
 "coeffs": {
 "const": 1.636066,
"lin": -0.0002333091,
"interv1": 0.04224261,
"AR1": 1.188284,
"AR2": -0.2775469 
},
"type": "log1",
"AR_level":        2,
"r_square": 0.8886496,
"standard_error": 0.01124737,
"intervention_data": [
 {
 "point": 106,
"type": "step" 
} 
],
"number_parameters": 5,
"intervention_values": [ 106, 236 ] 
}
