{
 "coeffs": {
 "const": 5.233277,
"lin": -0.003553284,
"quad": 9.056214e-06,
"interv1": 0.2432807,
"AR1": 1.160021,
"AR2": -0.256284 
},
"type": "square",
"AR_level":        2,
"r_square": 0.8860721,
"standard_error": 0.05715839,
"intervention_data": [
 {
 "point": 106,
"type": "step" 
} 
],
"number_parameters": 6,
"intervention_values": [ 106, 236 ] 
}
