{
 "coeffs": {
 "const": 1.106098,
"lin": -0.01613176,
"quad": 0.0001530005,
"cub": -4.065513e-07,
"interv1": 0.03663018,
"AR1": 1.180358,
"AR2": -0.2333146 
},
"type": "log3",
"AR_level":        2,
"r_square": 0.9848433,
"standard_error": 0.01706601,
"intervention_data": [
 {
 "point": 34,
"type": "pulse" 
} 
],
"number_parameters": 7,
"intervention_values": [ 34, 100, 120, 160, 176 ] 
}
