{
 "coeffs": {
 "const": 4.227958,
"lin": 0.001767124,
"quad": -3.117503e-05,
"cub": 7.952342e-08 
},
"type": "cubic",
"AR_level":        1,
"r_square": 0.9753105,
"standard_error": 0.0211261,
"number_parameters": 5,
"intervention_values": [ 10, 70, 174, 265, 284 ] 
}
