{
 "coeffs": {
 "const": 0.01148336,
"lin": 0.0008980778,
"quad": -1.489758e-05,
"cub": 6.039481e-08 
},
"type": "cubic",
"AR_level":        1,
"r_square": 0.9237918,
"standard_error": 0.002191621,
"number_parameters": 5,
"intervention_values": [ 64, 72, 75, 81, 89, 123, 146, 151 ] 
}
