{
 "coeffs": {
 "const": -4.192706,
"lin": 0.01867541,
"quad": -9.815352e-05,
"interv1": -0.6126303,
"interv2": -0.4023152 
},
"type": "log2",
"AR_level":        1,
"r_square": 0.8860813,
"standard_error": 0.1377642,
"intervention_data": [
 {
 "point": 64,
"type": "step" 
},
{
 "point": 72,
"type": "step" 
} 
],
"number_parameters": 6,
"intervention_values": [ 64, 72, 75, 81, 89, 123, 146, 151 ] 
}
