{
 "coeffs": {
 "const": -4.422767,
"lin": 0.04102981,
"quad": -0.0005519808,
"cub": 1.987558e-06,
"interv1": -0.4475953,
"interv2": -0.3770114,
"interv3": 0.3603436 
},
"type": "log3",
"AR_level":        1,
"r_square": 0.8923744,
"standard_error": 0.1339049,
"intervention_data": [
 {
 "point": 64,
"type": "step" 
},
{
 "point": 72,
"type": "step" 
},
{
 "point": 81,
"type": "step" 
} 
],
"number_parameters": 8,
"intervention_values": [ 64, 72, 75, 81, 89, 123, 146, 151 ] 
}
