{
 "coeffs": {
 "const": 1.667439,
"lin": -0.003875201,
"quad": 2.749665e-05,
"cub": -6.796742e-08,
"interv1": -0.02302643,
"AR1": 0.6009177,
"AR2": 0.2510073 
},
"type": "cubic",
"AR_level":        2,
"r_square": 0.9908659,
"standard_error": 0.005702639,
"intervention_data": [
 {
 "point": 97,
"type": "step" 
} 
],
"number_parameters": 7,
"intervention_values": [ 41, 97, 130, 166, 176 ] 
}
