{
 "coeffs": {
 "const": 0.5016052,
"lin": -0.001680946,
"quad": 5.613569e-06,
"interv1": -0.005129817,
"AR1": 0.6204363,
"AR2": 0.2664569 
},
"type": "log2",
"AR_level":        2,
"r_square": 0.9910087,
"standard_error": 0.003694574,
"intervention_data": [
 {
 "point": 97,
"type": "step" 
} 
],
"number_parameters": 6,
"intervention_values": [ 41, 97, 130, 166, 176 ] 
}
