{
 "coeffs": {
 "const": 4.390923,
"lin": 0.02535291,
"quad": -0.0003436301,
"cub": 1.364879e-06,
"interv1": 0.2911841,
"interv2": 0.2671163 
},
"type": "cubic",
"AR_level":        1,
"r_square": 0.9021811,
"standard_error": 0.08543167,
"intervention_data": [
 {
 "point": 22,
"type": "step" 
},
{
 "point": 100,
"type": "step" 
} 
],
"number_parameters": 7,
"intervention_values": [ 22, 100, 145 ] 
}
