{
 "coeffs": {
 "const": 1.257325,
"lin": 0.0007322644,
"quad": -8.01975e-06,
"cub": 1.579e-08,
"interv1": 0.07565319,
"AR1": 0.7758865,
"AR2": 0.1401129 
},
"type": "log3",
"AR_level":        2,
"r_square": 0.8679587,
"standard_error": 0.01446229,
"intervention_data": [
 {
 "point": 223,
"type": "step" 
} 
],
"number_parameters": 7,
"intervention_values": [ 111, 223, 323 ] 
}
