{
 "coeffs": {
 "const": 1.636865,
"lin": 0.001147719 
},
"type": "linear",
"AR_level":        1,
"r_square": 0.9949956,
"standard_error": 0.007394408,
"number_parameters": 3,
"intervention_values": [ 18, 84, 133, 256, 284 ] 
}
