{
 "coeffs": {
 "const":  2.84349,
"lin": 0.01096749,
"quad": -0.00020326,
"cub": 1.453797e-06 
},
"type": "cubic",
"AR_level":        1,
"r_square": 0.8498937,
"standard_error": 0.1178115,
"number_parameters": 5,
"intervention_values": [ 65, 104, 120 ] 
}
