{
 "coeffs": {
 "const": 0.1916257,
"lin": -4.317333e-05,
"interv1": -0.0062893,
"interv2": 0.01227314,
"interv3": 0.006742576,
"AR1": 0.5190697,
"AR2": 0.1867612 
},
"type": "linear",
"AR_level":        2,
"r_square": 0.9643583,
"standard_error": 0.001143086,
"intervention_data": [
 {
 "point": 56,
"type": "step" 
},
{
 "point": 184,
"type": "step" 
},
{
 "point": 207,
"type": "step" 
} 
],
"number_parameters": 7,
"intervention_values": [ 56, 122, 184, 207, 232 ] 
}
