{
 "coeffs": {
 "const": 0.552936,
"lin": -0.002832542,
"quad": 4.2641e-06,
"cub": 5.55179e-09 
},
"type": "log3",
"AR_level":        1,
"r_square": 0.9948388,
"standard_error": 0.00787245,
"number_parameters": 5,
"intervention_values": [ 53, 73, 111, 165, 271 ] 
}
