{
 "coeffs": {
 "const": 2.202716,
"lin": -0.0138064,
"quad": 3.990492e-05,
"interv1": 0.4581958,
"AR1": 0.4088443,
"AR2": 0.1735806,
"AR3": -0.2389896,
"AR4": 0.1452614 
},
"type": "log2",
"AR_level":        4,
"r_square": 0.3507263,
"standard_error": 0.4019472,
"intervention_data": [
 {
 "point": 118,
"type": "step" 
} 
],
"number_parameters": 8,
"intervention_values": [ 118, 229, 260 ] 
}
