{
 "coeffs": {
 "const": 0.3506524,
"lin": -0.0001246374 
},
"type": "linear",
"AR_level":        1,
"r_square": 0.9630655,
"standard_error": 0.003264274,
"number_parameters": 3,
"intervention_values": [ 99, 128, 160, 291, 328 ] 
}
