{
 "coeffs": {
 "const": -1.075186,
"lin": 0.0005400962,
"quad": -6.675221e-06,
"cub": 1.320309e-08 
},
"type": "log3",
"AR_level":        1,
"r_square": 0.9625881,
"standard_error": 0.009649505,
"number_parameters": 5,
"intervention_values": [ 99, 128, 160, 291, 328 ] 
}
