{
 "coeffs": {
 "const": 1.098646,
"lin": 0.0002669684,
"interv1": 0.2467207,
"interv2": 0.05316871 
},
"type": "log1",
"AR_level":        1,
"r_square": 0.9612306,
"standard_error": 0.0206119,
"intervention_data": [
 {
 "point": 17,
"type": "step" 
},
{
 "point": 62,
"type": "step" 
} 
],
"number_parameters": 5,
"intervention_values": [ 17, 62, 134, 198, 209, 216, 252, 285, 356 ] 
}
