{
 "coeffs": {
 "const": 0.0706695,
"lin": 0.0002199561 
},
"type": "linear",
"AR_level":        1,
"r_square": 0.9878047,
"standard_error": 0.0009119118,
"number_parameters": 3,
"intervention_values": [ 49, 95, 127 ] 
}
