{
 "coeffs": {
 "const": -0.8200516,
"lin": -0.004563931,
"interv1": 0.3007161 
},
"type": "log1",
"AR_level":        1,
"r_square": 0.7257596,
"standard_error": 0.07131435,
"intervention_data": [
 {
 "point": 80,
"type": "step" 
} 
],
"number_parameters": 4,
"intervention_values": [ 60, 80, 94, 115, 148, 154, 158 ] 
}
