{
 "coeffs": {
 "const": -0.7642897,
"lin": -0.006912607,
"quad": 1.838125e-05,
"interv1": 0.2902259,
"interv2": -0.06502024 
},
"type": "log2",
"AR_level":        1,
"r_square": 0.7313485,
"standard_error": 0.07058393,
"intervention_data": [
 {
 "point": 80,
"type": "step" 
},
{
 "point": 115,
"type": "step" 
} 
],
"number_parameters": 6,
"intervention_values": [ 60, 80, 94, 115, 148, 154, 158 ] 
}
