{
 "coeffs": {
 "const": -0.7266524,
"lin": -0.0123327,
"quad": 0.0001483182,
"cub": -5.715987e-07 
},
"type": "log3",
"AR_level":        1,
"r_square": 0.7178823,
"standard_error": 0.07233132,
"number_parameters": 5,
"intervention_values": [ 60, 80, 94, 115, 148, 154, 158 ] 
}
