{
 "coeffs": {
 "const": 0.4595523,
"lin": -0.002442452,
"quad": 4.779003e-06,
"interv1": 0.1081619 
},
"type": "square",
"AR_level":        1,
"r_square": 0.6632503,
"standard_error": 0.030138,
"intervention_data": [
 {
 "point": 80,
"type": "step" 
} 
],
"number_parameters": 5,
"intervention_values": [ 60, 80, 94, 115, 148, 154, 158 ] 
}
