{
 "coeffs": {
 "const": 5.683932,
"lin": -0.008492274,
"quad": 5.935332e-05 
},
"type": "square",
"AR_level":        1,
"r_square": 0.9476848,
"standard_error": 0.04959603,
"number_parameters": 4,
"intervention_values": [ 34, 100, 150, 176 ] 
}
