{
 "coeffs": {
 "const": 2.333216,
"lin": -0.002050662 
},
"type": "linear",
"AR_level":        1,
"r_square": 0.9800407,
"standard_error": 0.03748816,
"number_parameters": 3,
"intervention_values": [ 3, 32, 83, 204, 236 ] 
}
