{
 "coeffs": {
 "const":  4.32697,
"lin": -0.0213033,
"quad": 0.0002212778,
"cub": -5.188862e-07 
},
"type": "cubic",
"AR_level":        1,
"r_square": 0.9772267,
"standard_error": 0.06281798,
"number_parameters": 5,
"intervention_values": [ 20, 118, 133, 165, 232 ] 
}
