{
 "coeffs": {
 "const": 3.619668,
"lin": 0.005017745 
},
"type": "linear",
"AR_level":        1,
"r_square": 0.9768717,
"standard_error": 0.06330568,
"number_parameters": 3,
"intervention_values": [ 20, 118, 133, 165, 232 ] 
}
