{
 "coeffs": {
 "const": 1.464581,
"lin": -0.005161773,
"quad": 5.349761e-05,
"cub": -1.261764e-07 
},
"type": "log3",
"AR_level":        1,
"r_square": 0.9746145,
"standard_error": 0.01558618,
"number_parameters": 5,
"intervention_values": [ 20, 118, 133, 165, 232 ] 
}
