{
 "coeffs": {
 "const": 3.977713,
"lin": -0.004010075,
"quad": 3.841984e-05 
},
"type": "square",
"AR_level":        1,
"r_square": 0.9768149,
"standard_error": 0.06338335,
"number_parameters": 4,
"intervention_values": [ 20, 118, 133, 165, 232 ] 
}
