{
 "coeffs": {
 "const": 0.2557164,
"lin": -0.0002264749,
"AR1": 0.146342,
"AR2": 0.5544982,
"AR3": 0.2224282 
},
"type": "linear",
"AR_level":        3,
"r_square": 0.8299912,
"standard_error": 0.01044755,
"number_parameters": 5,
"intervention_values": [ 44, 84, 207 ] 
}
