{
 "coeffs": {
 "const": 0.2713277,
"lin": -0.0001731476,
"AR1": 0.8323322,
"AR2": 0.1608766 
},
"type": "linear",
"AR_level":        2,
"r_square": 0.9908132,
"standard_error": 0.002705185,
"number_parameters": 4,
"intervention_values": [ 60, 111, 195, 271 ] 
}
