{
 "coeffs": {
 "const": -1.315377,
"lin": -0.0006326347,
"AR1": 0.8398442,
"AR2": 0.1538362 
},
"type": "log1",
"AR_level":        2,
"r_square": 0.9903355,
"standard_error": 0.01070428,
"number_parameters": 4,
"intervention_values": [ 60, 111, 195, 271 ] 
}
