{
 "coeffs": {
 "const": -1.104142,
"lin": -0.005198069,
"quad": 1.664419e-05,
"AR1":  0.82243,
"AR2": 0.1364389 
},
"type": "log2",
"AR_level":        2,
"r_square": 0.9904257,
"standard_error": 0.01065423,
"number_parameters": 5,
"intervention_values": [ 60, 111, 195, 271 ] 
}
