{
 "coeffs": {
 "const": 0.4053602,
"lin": 0.0009155891,
"quad": -1.710356e-05,
"cub": 7.090469e-08 
},
"type": "log3",
"AR_level":        1,
"r_square": 0.8240678,
"standard_error": 0.01267879,
"number_parameters": 5,
"intervention_values": [ 34, 176 ] 
}
