{
 "coeffs": {
 "const": 7.633338,
"lin": 0.003919137,
"AR1": 0.3269939,
"AR2": 0.2672248,
"AR3": 0.2798098 
},
"type": "linear",
"AR_level":        3,
"r_square": 0.929608,
"standard_error": 0.02059477,
"number_parameters": 5,
"intervention_values": [ 54, 66 ] 
}
