{
 "coeffs": {
 "const": 0.2952648,
"lin": 0.001580476,
"quad": 5.514974e-06,
"cub": -3.067943e-08,
"interv1": -0.08394677,
"AR1": 0.5964017,
"AR2": 0.2763253 
},
"type": "log3",
"AR_level":        2,
"r_square": 0.8958872,
"standard_error": 0.03221448,
"intervention_data": [
 {
 "point": 207,
"type": "step" 
} 
],
"number_parameters": 7,
"intervention_values": [ 21, 27, 37, 59, 78, 88, 100, 109, 111, 123, 174, 207, 230, 255, 263, 295 ] 
}
