{
 "coeffs": {
 "const": 9.459845,
"lin": -0.06460238,
"quad": 0.0002505888,
"cub": -4.996802e-07,
"interv1": 0.8032045,
"interv2": 0.8143013 
},
"type": "cubic",
"AR_level":        1,
"r_square": 0.9788911,
"standard_error": 0.3154675,
"intervention_data": [
 {
 "point": 48,
"type": "step" 
},
{
 "point": 115,
"type": "step" 
} 
],
"number_parameters": 7,
"intervention_values": [ 11, 27, 41, 48, 55, 61, 87, 99, 109, 115, 123, 174, 213, 230, 295 ] 
}
