{
 "coeffs": {
 "const": 2.206589,
"lin": -0.006025786,
"quad": 3.325216e-05,
"cub": -1.179274e-07 
},
"type": "log3",
"AR_level":        1,
"r_square": 0.9837004,
"standard_error": 0.06707967,
"number_parameters": 5,
"intervention_values": [ 11, 27, 41, 48, 55, 61, 87, 99, 109, 115, 123, 174, 213, 230, 295 ] 
}
