{
 "coeffs": {
 "const": 9.105932,
"lin": -0.01660784,
"quad": -2.187763e-05,
"interv1": -0.8918108 
},
"type": "square",
"AR_level":        1,
"r_square": 0.9767986,
"standard_error": 0.3307342,
"intervention_data": [
 {
 "point": 11,
"type": "step" 
} 
],
"number_parameters": 5,
"intervention_values": [ 11, 27, 41, 48, 55, 61, 87, 99, 109, 115, 123, 174, 213, 230, 295 ] 
}
