{
 "coeffs": {
 "const": -0.9126137,
"lin": 0.001644622,
"AR1": 1.098315,
"AR2": -0.4630114,
"AR3": 0.1721774 
},
"type": "log1",
"AR_level":        3,
"r_square": 0.9324645,
"standard_error": 0.03308586,
"number_parameters": 5,
"intervention_values": [ 6, 22, 30, 93, 102, 174, 185, 188, 208 ] 
}
