{
 "coeffs": {
 "const": -1.128115,
"lin": 0.007823965,
"quad": -3.040936e-05,
"interv1": 0.0967722,
"AR1": 1.063716,
"AR2": -0.2927675 
},
"type": "log2",
"AR_level":        2,
"r_square": 0.9415972,
"standard_error": 0.03482035,
"intervention_data": [
 {
 "point": 188,
"type": "step" 
} 
],
"number_parameters": 6,
"intervention_values": [ 6, 22, 30, 93, 102, 174, 185, 188, 208 ] 
}
