{
 "coeffs": {
 "const": 0.333182,
"lin": 0.002806827,
"quad": -1.000036e-05,
"AR1": 1.092892,
"AR2": -0.263677 
},
"type": "square",
"AR_level":        2,
"r_square": 0.9531059,
"standard_error": 0.01260388,
"number_parameters": 5,
"intervention_values": [ 6, 22, 30, 93, 102, 174, 185, 188, 208 ] 
}
