{
 "coeffs": {
 "const": 0.3236842,
"lin": -0.0001659711,
"interv1": -0.1477532,
"AR1": 0.1796297,
"AR2": 0.2763861,
"AR3": -0.2563005,
"AR4": 0.1365432,
"AR5": 0.1836719 
},
"type": "linear",
"AR_level":        5,
"r_square": 0.7284854,
"standard_error": 0.04290699,
"intervention_data": [
 {
 "point": 56,
"type": "step" 
} 
],
"number_parameters": 8,
"intervention_values": [ 56, 144, 260 ] 
}
