{
 "coeffs": {
 "const": 0.3582126,
"lin": -0.004328616,
"quad": 3.201951e-05,
"cub": -8.268218e-08 
},
"type": "cubic",
"AR_level":        1,
"r_square": 0.9925958,
"standard_error": 0.004858535,
"number_parameters": 5,
"intervention_values": [ 51, 114, 155, 183 ] 
}
