{
 "coeffs": {
 "const": -1.075769,
"lin": -0.01072543,
"quad": 3.329134e-05 
},
"type": "log2",
"AR_level":        1,
"r_square": 0.9932405,
"standard_error": 0.02166302,
"number_parameters": 4,
"intervention_values": [ 51, 114, 155, 183 ] 
}
