{
 "coeffs": {
 "const":  1.59502,
"lin": 0.0004425158,
"quad": 1.831089e-05 
},
"type": "log2",
"AR_level":        1,
"r_square": 0.9982855,
"standard_error": 0.01018375,
"number_parameters": 4,
"intervention_values": [ 36, 67, 90, 129, 152, 199 ] 
}
