{
 "coeffs": {
 "const":  5.06493,
"lin": -0.005837498,
"quad": 0.0001728987 
},
"type": "square",
"AR_level":        1,
"r_square": 0.9977385,
"standard_error": 0.0835579,
"number_parameters": 4,
"intervention_values": [ 36, 67, 90, 129, 152, 199 ] 
}
