{
 "coeffs": {
 "const": 0.228024,
"lin": 0.0008729606 
},
"type": "linear",
"AR_level":        1,
"r_square": 0.9568766,
"standard_error": 0.009146131,
"number_parameters": 3,
"intervention_values": [ 4, 10, 21, 27, 53, 59, 88, 147 ] 
}
