{
 "coeffs": {
 "const": -1.37841,
"lin": 0.00540588,
"quad": -9.128918e-06,
"interv1": -0.2259679 
},
"type": "log2",
"AR_level":        1,
"r_square": 0.9459048,
"standard_error": 0.03576635,
"intervention_data": [
 {
 "point": 21,
"type": "step" 
} 
],
"number_parameters": 5,
"intervention_values": [ 4, 10, 21, 27, 53, 59, 88, 147 ] 
}
