{
 "coeffs": {
 "const": 1.488946,
"lin": 0.001425237,
"AR1": 1.272815,
"AR2": -0.3491181 
},
"type": "log1",
"AR_level":        2,
"r_square": 0.9723271,
"standard_error": 0.0146577,
"number_parameters": 4,
"intervention_values": [ 51, 82, 114, 143, 165, 183 ] 
}
