{
 "coeffs": {
 "const": 1.714962,
"lin": 0.0005703547,
"quad": -2.028488e-06,
"AR1": 1.159532,
"AR2": -0.2270127 
},
"type": "log2",
"AR_level":        2,
"r_square": 0.9143377,
"standard_error": 0.02471659,
"number_parameters": 5,
"intervention_values": [ 16, 89, 248, 285, 356 ] 
}
