{
 "coeffs": {
 "const": 5.809267,
"lin": -0.01473547,
"quad": 6.231851e-05,
"AR1": 0.4155998,
"AR2": 0.3327916,
"AR3": 0.1855579 
},
"type": "square",
"AR_level":        3,
"r_square": 0.9464815,
"standard_error": 0.05706522,
"number_parameters": 6,
"intervention_values": [ 46, 126, 172, 204 ] 
}
