{
 "coeffs": {
 "const": 0.9748356,
"lin": -0.0009092888,
"interv1": -0.04976982,
"interv2": -0.02458998,
"interv3": -0.05098367,
"AR1": 0.3944466,
"AR2": 0.2153286,
"AR3": 0.1585388 
},
"type": "log1",
"AR_level":        3,
"r_square": 0.9924902,
"standard_error": 0.00916962,
"intervention_data": [
 {
 "point": 29,
"type": "step" 
},
{
 "point": 66,
"type": "step" 
},
{
 "point": 88,
"type": "step" 
} 
],
"number_parameters": 8,
"intervention_values": [ 15, 23, 29, 66, 88, 156, 185, 258 ] 
}
