{
 "coeffs": {
 "const": 0.9926493,
"lin": -0.003095851,
"quad": 8.745722e-06,
"cub": -9.726642e-09,
"interv1": 0.01663878,
"AR1": 0.5746539,
"AR2": 0.2644316 
},
"type": "log3",
"AR_level":        2,
"r_square": 0.9925274,
"standard_error": 0.009203541,
"intervention_data": [
 {
 "point": 15,
"type": "step" 
} 
],
"number_parameters": 7,
"intervention_values": [ 15, 23, 29, 66, 88, 156, 185, 258 ] 
}
