{
 "coeffs": {
 "const": 2.700579,
"lin": -0.005765006,
"quad": 1.144972e-05,
"interv1": -0.05466437,
"interv2": -0.03031254,
"AR1": 0.5621221,
"AR2": 0.3020851 
},
"type": "square",
"AR_level":        2,
"r_square": 0.9939646,
"standard_error": 0.01828044,
"intervention_data": [
 {
 "point": 29,
"type": "step" 
},
{
 "point": 185,
"type": "step" 
} 
],
"number_parameters": 7,
"intervention_values": [ 15, 23, 29, 66, 88, 156, 185, 258 ] 
}
