{
 "coeffs": {
 "const": 1.670853,
"lin": -0.0006466154,
"quad": 5.262269e-06 
},
"type": "log2",
"AR_level":        1,
"r_square": 0.9808385,
"standard_error": 0.003004544,
"number_parameters": 4,
"intervention_values": [ 135, 156 ] 
}
