{
 "coeffs": {
 "const": 3.910117,
"lin": -0.008135759,
"quad": 3.125722e-05,
"AR1": 0.7549008,
"AR2": 0.1797807 
},
"type": "square",
"AR_level":        2,
"r_square": 0.9571745,
"standard_error": 0.03552945,
"number_parameters": 5,
"intervention_values": [ 41, 115, 176 ] 
}
