{
 "coeffs": {
 "const": -1.18117,
"lin": -0.000205771 
},
"type": "log1",
"AR_level":        1,
"r_square": 0.9646681,
"standard_error": 0.005474298,
"number_parameters": 3,
"intervention_values": [ 28, 112, 175, 258 ] 
}
