{
 "coeffs": {
 "const": 2.506598,
"lin": -0.01569176,
"quad": 0.0001924545,
"cub": -6.02975e-07,
"AR1": 0.311114,
"AR2": 0.2204794,
"AR3": 0.145014 
},
"type": "cubic",
"AR_level":        3,
"r_square": 0.401555,
"standard_error": 0.2254219,
"number_parameters": 7,
"intervention_values": 205 
}
