{
 "coeffs": {
 "const": 1.429278,
"lin": 0.001905338,
"quad": -1.512028e-05,
"cub": 5.341354e-08,
"interv1": 0.02690447,
"AR1": 0.7783668,
"AR2": 0.174842 
},
"type": "log3",
"AR_level":        2,
"r_square": 0.9962098,
"standard_error": 0.004871231,
"intervention_data": [
 {
 "point": 185,
"type": "step" 
} 
],
"number_parameters": 7,
"intervention_values": [ 60, 106, 135, 185, 206, 232 ] 
}
