{
 "coeffs": {
 "const": 4.378532,
"lin": -0.001405016,
"quad": 2.894881e-05 
},
"type": "square",
"AR_level":        1,
"r_square": 0.9960228,
"standard_error": 0.02466872,
"number_parameters": 4,
"intervention_values": [ 60, 106, 135, 185, 206, 232 ] 
}
