{
 "coeffs": {
 "const": 1.006567,
"lin": 0.0009944476 
},
"type": "log1",
"AR_level":        1,
"r_square": 0.9947807,
"standard_error": 0.005319998,
"number_parameters": 3,
"intervention_values": [ 56, 135, 184, 211, 232 ] 
}
