{
 "coeffs": {
 "const": 1.664206,
"lin": 0.003265876,
"quad": -4.712522e-05,
"cub": 2.280747e-07 
},
"type": "cubic",
"AR_level":        1,
"r_square": 0.9866529,
"standard_error": 0.005674825,
"number_parameters": 5,
"intervention_values": [ 19, 133, 156 ] 
}
