{
 "coeffs": {
 "const": 0.5204417,
"lin": 0.0005259494 
},
"type": "log1",
"AR_level":        1,
"r_square": 0.9858984,
"standard_error": 0.003299184,
"number_parameters": 3,
"intervention_values": [ 19, 133, 156 ] 
}
