{
 "coeffs": {
 "const": 1.656614,
"lin": -0.0070069,
"quad": 5.475264e-05,
"cub": -1.310295e-07 
},
"type": "log3",
"AR_level":        1,
"r_square": 0.949407,
"standard_error": 0.01732821,
"number_parameters": 5,
"intervention_values": [ 34, 176 ] 
}
