{
 "coeffs": {
 "const": 1.314368,
"lin": -0.00116039,
"quad": 6.735948e-06 
},
"type": "square",
"AR_level":        1,
"r_square": 0.9712479,
"standard_error": 0.007236387,
"number_parameters": 4,
"intervention_values": [ 11, 52, 107, 184, 206, 232 ] 
}
