{
 "coeffs": {
 "const": 0.3708633,
"lin": -0.000989216,
"quad": 3.287186e-06,
"AR1": 0.3511715,
"AR2": 0.1705019,
"AR3": 0.1958541 
},
"type": "square",
"AR_level":        3,
"r_square": 0.4684566,
"standard_error": 0.03297623,
"number_parameters": 6,
"intervention_values": [ 38, 205 ] 
}
