{
 "coeffs": {
 "const": 0.3288838,
"lin": 0.000491796,
"quad": -8.288008e-06,
"cub": 2.928955e-08 
},
"type": "cubic",
"AR_level":        1,
"r_square": 0.7741146,
"standard_error": 0.005789564,
"number_parameters": 5,
"intervention_values": [ 35, 50, 54, 66, 100, 120, 128, 149, 162, 194, 201, 204 ] 
}
