{
 "coeffs": {
 "const": 0.3419889,
"lin": -0.0002485108,
"quad": 6.88667e-07,
"interv1": 0.04802518 
},
"type": "square",
"AR_level":        1,
"r_square": 0.818638,
"standard_error": 0.0051877,
"intervention_data": [
 {
 "point": 194,
"type": "pulse" 
} 
],
"number_parameters": 5,
"intervention_values": [ 35, 50, 54, 66, 100, 120, 128, 149, 162, 194, 201, 204 ] 
}
