{
 "coeffs": {
 "const": 0.2991818,
"lin": 0.0008015589,
"quad": -1.27864e-05,
"cub": 4.545465e-08 
},
"type": "cubic",
"AR_level":        1,
"r_square": 0.9556454,
"standard_error": 0.002222856,
"number_parameters": 5,
"intervention_values": [ 96, 144 ] 
}
