{
 "coeffs": {
 "const":  1.75601,
"lin": 0.005617936 
},
"type": "linear",
"AR_level":        1,
"r_square": 0.9842075,
"standard_error": 0.03199452,
"number_parameters": 3,
"intervention_values": [ 20, 27, 53, 59, 133, 147 ] 
}
