{
 "coeffs": {
 "const": 0.09373772,
"lin": -0.0003645411 
},
"type": "linear",
"AR_level":        1,
"r_square": 0.9299804,
"standard_error": 0.004114592,
"number_parameters": 3,
"intervention_values": [ 23, 48, 57, 120 ] 
}
