{
 "coeffs": {
 "const": 1.081619,
"lin": -0.004122627,
"quad": 2.008957e-05,
"cub": -2.906574e-08,
"interv1": 0.2374202,
"interv2": -0.1070337,
"AR1": 0.4520832,
"AR2": 0.1344199,
"AR3": 0.1124524,
"AR4": 0.135207 
},
"type": "log3",
"AR_level":        4,
"r_square": 0.8612874,
"standard_error": 0.02387502,
"intervention_data": [
 {
 "point": 91,
"type": "step" 
},
{
 "point": 173,
"type": "step" 
} 
],
"number_parameters": 10,
"intervention_values": [ 50, 91, 173, 213, 294, 376 ] 
}
