{
 "coeffs": {
 "const": 1.221436,
"lin": 0.001947764,
"AR1": 0.8555426,
"AR2": 0.1208669 
},
"type": "linear",
"AR_level":        2,
"r_square": 0.9943014,
"standard_error": 0.01556619,
"number_parameters": 4,
"intervention_values": [ 39, 73, 94, 226, 280, 287, 323 ] 
}
