{
 "coeffs": {
 "const": 1.024535,
"lin": 0.005533517,
"quad": -1.09914e-05,
"AR1": 0.8517826,
"AR2": 0.1121052 
},
"type": "square",
"AR_level":        2,
"r_square": 0.9942981,
"standard_error": 0.01557067,
"number_parameters": 5,
"intervention_values": [ 39, 73, 94, 226, 280, 287, 323 ] 
}
