{
 "coeffs": {
 "const": 0.2222275,
"lin": 0.0003132989 
},
"type": "log1",
"AR_level":        1,
"r_square": 0.9757687,
"standard_error": 0.002039281,
"number_parameters": 3,
"intervention_values": [ 49, 127 ] 
}
