{
 "coeffs": {
 "const": 3.705608,
"lin": 0.01685498,
"quad": -0.0003079206,
"cub": 1.846576e-06,
"interv1": 0.4155107,
"AR1": 0.3683941,
"AR2": 0.2274023 
},
"type": "cubic",
"AR_level":        2,
"r_square":  0.96214,
"standard_error": 0.05735345,
"intervention_data": [
 {
 "point": 60,
"type": "step" 
} 
],
"number_parameters": 7,
"intervention_values": [ 60, 110 ] 
}
