{
 "coeffs": {
 "const": 1.310169,
"lin": 0.004368715,
"quad": -7.934038e-05,
"cub": 4.65854e-07,
"interv1": 0.1004503,
"AR1": 0.3809422,
"AR2": 0.2299079 
},
"type": "log3",
"AR_level":        2,
"r_square": 0.9604246,
"standard_error": 0.01394197,
"intervention_data": [
 {
 "point": 60,
"type": "step" 
} 
],
"number_parameters": 7,
"intervention_values": [ 60, 110 ] 
}
