{
 "coeffs": {
 "const": -1.122104,
"lin": -0.006029331,
"quad": 2.544495e-05 
},
"type": "log2",
"AR_level":        1,
"r_square":  0.97323,
"standard_error": 0.01859452,
"number_parameters": 4,
"intervention_values": [ 52, 171, 232 ] 
}
