{
 "coeffs": {
 "const": 0.8612783,
"lin": -0.0008310077 
},
"type": "log1",
"AR_level":        1,
"r_square": 0.9901147,
"standard_error": 0.008145703,
"number_parameters": 3,
"intervention_values": [ 103, 115, 130, 138, 165, 171, 181, 187, 231, 240, 248, 266, 278, 332 ] 
}
