{
 "coeffs": {
 "const": 0.8549478,
"lin": -0.0006978255,
"quad": -5.00394e-07,
"interv1": 0.009377461 
},
"type": "log2",
"AR_level":        1,
"r_square": 0.990079,
"standard_error": 0.008160412,
"intervention_data": [
 {
 "point": 240,
"type": "step" 
} 
],
"number_parameters": 5,
"intervention_values": [ 103, 115, 130, 138, 165, 171, 181, 187, 231, 240, 248, 266, 278, 332 ] 
}
