{
 "coeffs": {
 "const": 0.1858809,
"lin": 0.000347729,
"quad": -2.856548e-06,
"interv1": -0.005487925,
"AR1": 0.4204893,
"AR2": 0.1800008 
},
"type": "square",
"AR_level":        2,
"r_square": 0.8027545,
"standard_error": 0.003540073,
"intervention_data": [
 {
 "point": 129,
"type": "step" 
} 
],
"number_parameters": 6,
"intervention_values": [ 129, 145 ] 
}
