{
 "coeffs": {
 "const": 1.364798,
"lin": 0.000425057 
},
"type": "log1",
"AR_level":        1,
"r_square": 0.8023636,
"standard_error": 0.01762088,
"number_parameters": 3,
"intervention_values": [ 17, 23, 56, 67, 77, 98, 112, 129, 154, 156, 164, 172, 204 ] 
}
