{
 "coeffs": {
 "const": 0.6466913,
"lin": 0.001341355 
},
"type": "log1",
"AR_level":        1,
"r_square": 0.9511555,
"standard_error": 0.01107664,
"number_parameters": 3,
"intervention_values": [ 18, 60, 110 ] 
}
