{
 "coeffs": {
 "const":  1.86643,
"lin": 0.004857099,
"quad": -1.876304e-05 
},
"type": "square",
"AR_level":        1,
"r_square": 0.9522252,
"standard_error": 0.02229229,
"number_parameters": 4,
"intervention_values": [ 18, 60, 110 ] 
}
