{
 "coeffs": {
 "const": 0.3094478,
"lin": -0.003047077,
"quad": 2.345332e-05,
"cub": -5.812021e-08 
},
"type": "cubic",
"AR_level":        1,
"r_square": 0.9817904,
"standard_error": 0.004547866,
"number_parameters": 5,
"intervention_values": [ 34, 58, 119, 176 ] 
}
