{
 "coeffs": {
 "const": -1.396607,
"lin": -0.002334428 
},
"type": "log1",
"AR_level":        1,
"r_square": 0.9816703,
"standard_error": 0.02032603,
"number_parameters": 3,
"intervention_values": [ 34, 58, 119, 176 ] 
}
