{
 "coeffs": {
 "const": 0.6624299,
"lin": 0.001590751,
"AR1": 0.3819849,
"AR2": 0.4966759 
},
"type": "log1",
"AR_level":        2,
"r_square": 0.7375593,
"standard_error": 0.1589793,
"number_parameters": 4,
"intervention_values": [ 7, 23, 107, 180 ] 
}
