{
 "coeffs": {
 "const": 0.1925779,
"lin": 0.01657959,
"quad": -8.148456e-05,
"AR1": 0.3459704,
"AR2": 0.4553929 
},
"type": "log2",
"AR_level":        2,
"r_square": 0.7412188,
"standard_error": 0.157867,
"number_parameters": 5,
"intervention_values": [ 7, 23, 107, 180 ] 
}
