{
 "coeffs": {
 "const": -0.1166602,
"lin": 0.02183101,
"quad": -0.0002339827,
"cub": 6.950783e-07,
"interv1": 0.5309536 
},
"type": "log3",
"AR_level":        0,
"r_square": 0.7716464,
"standard_error": 0.1529846,
"intervention_data": [
 {
 "point": 23,
"type": "step" 
} 
],
"number_parameters": 5,
"intervention_values": [ 7, 23, 107, 180 ] 
}
