{
 "coeffs": {
 "const": 0.8497088,
"lin": -0.001775439,
"interv1": 0.1016932 
},
"type": "log1",
"AR_level":        1,
"r_square": 0.602513,
"standard_error": 0.05937952,
"intervention_data": [
 {
 "point": 99,
"type": "step" 
} 
],
"number_parameters": 4,
"intervention_values": [ 64, 72, 75, 80, 99, 123, 146, 151 ] 
}
