{
 "coeffs": {
 "const": 1.769814,
"lin": -0.0003061316 
},
"type": "log1",
"AR_level":        1,
"r_square": 0.9735391,
"standard_error": 0.005580489,
"number_parameters": 3,
"intervention_values": [ 28, 216, 260 ] 
}
