{
 "coeffs": {
 "const": 5.715634,
"lin": 0.001669321,
"quad": -1.281156e-05 
},
"type": "square",
"AR_level":        1,
"r_square": 0.9721801,
"standard_error": 0.03182564,
"number_parameters": 4,
"intervention_values": [ 28, 216, 260 ] 
}
