{
 "coeffs": {
 "const": -1.33303,
"lin": 0.001630821,
"quad": -1.760784e-05,
"cub": 3.737206e-08,
"interv1": -0.01786722,
"AR1": 0.5753182,
"AR2": 0.2658601 
},
"type": "log3",
"AR_level":        2,
"r_square": 0.968506,
"standard_error": 0.01136489,
"intervention_data": [
 {
 "point": 185,
"type": "step" 
} 
],
"number_parameters": 7,
"intervention_values": [ 29, 66, 130, 185, 258 ] 
}
