{
 "coeffs": {
 "const": 1.674397,
"lin": 0.00267658,
"quad": -1.564996e-05,
"cub": 6.633252e-08,
"AR1": 0.270526,
"AR2": 0.1637691,
"AR3": 0.2668177,
"AR4": 0.1491177 
},
"type": "cubic",
"AR_level":        4,
"r_square": 0.9493731,
"standard_error": 0.07032344,
"number_parameters": 8,
"intervention_values": [ 32, 41, 60, 88, 100, 109, 111, 123, 150, 212, 230, 255, 263, 295 ] 
}
