{
 "coeffs": {
 "const": 1.550952,
"lin": 0.003330649,
"AR1": 0.2881481,
"AR2": 0.1831603,
"AR3": 0.2874663,
"AR4": 0.1711633 
},
"type": "linear",
"AR_level":        4,
"r_square": 0.9490171,
"standard_error": 0.07057025,
"number_parameters": 6,
"intervention_values": [ 32, 41, 60, 88, 100, 109, 111, 123, 150, 212, 230, 255, 263, 295 ] 
}
