{
 "coeffs": {
 "const": 0.4693108,
"lin": 0.001582331,
"AR1": 0.1792344,
"AR2": 0.1263726,
"AR3": 0.2460787,
"AR4": 0.1753668,
"AR5":  0.13491 
},
"type": "log1",
"AR_level":        5,
"r_square": 0.9043884,
"standard_error": 0.04569795,
"number_parameters": 7,
"intervention_values": [ 32, 41, 60, 88, 100, 109, 111, 123, 150, 212, 230, 255, 263, 295 ] 
}
