{
 "coeffs": {
 "const": 1.769906,
"lin": -0.0009551249,
"quad": 1.42556e-05,
"AR1": 0.273923,
"AR2": 0.1680131,
"AR3": 0.2716637,
"AR4": 0.154672 
},
"type": "square",
"AR_level":        4,
"r_square": 0.9494258,
"standard_error": 0.07028682,
"number_parameters": 7,
"intervention_values": [ 32, 41, 60, 88, 100, 109, 111, 123, 150, 212, 230, 255, 263, 295 ] 
}
