{
 "coeffs": {
 "const": 1.008373,
"lin": -0.001583168 
},
"type": "linear",
"AR_level":        1,
"r_square": 0.9748057,
"standard_error": 0.02409634,
"number_parameters": 3,
"intervention_values": [ 5, 11, 45, 71, 149, 216 ] 
}
