{
 "coeffs": {
 "const":  0.44313,
"lin": -0.002617602,
"quad": 1.389891e-05,
"cub": -2.099509e-08 
},
"type": "cubic",
"AR_level":        1,
"r_square": 0.9758439,
"standard_error": 0.007026174,
"number_parameters": 5,
"intervention_values": [ 36, 78, 109, 165, 200, 238, 244, 269, 300, 376 ] 
}
