{
 "coeffs": {
 "const": 3.405992,
"lin": -0.001567766 
},
"type": "linear",
"AR_level":        1,
"r_square": 0.9752559,
"standard_error": 0.02521033,
"number_parameters": 3,
"intervention_values": [ 10, 75, 156, 174, 284 ] 
}
