{
 "coeffs": {
 "const": 3.377063,
"lin": -0.0009697258,
"quad": -2.081924e-06 
},
"type": "square",
"AR_level":        1,
"r_square": 0.9755037,
"standard_error": 0.02508379,
"number_parameters": 4,
"intervention_values": [ 10, 75, 156, 174, 284 ] 
}
