{
 "coeffs": {
 "const": 1.286858,
"lin": -0.0001052067,
"quad": 7.777151e-07,
"interv1": -0.01659419 
},
"type": "square",
"AR_level":        1,
"r_square": 0.7962585,
"standard_error": 0.003460648,
"intervention_data": [
 {
 "point": 216,
"type": "step" 
} 
],
"number_parameters": 5,
"intervention_values": [ 62, 113, 157, 216, 260 ] 
}
