{
 "coeffs": {
 "const": 0.1916353,
"lin": -0.0003803752,
"quad": 1.278494e-05,
"cub": -5.100593e-08 
},
"type": "cubic",
"AR_level":        1,
"r_square": 0.9978267,
"standard_error": 0.001098173,
"number_parameters": 5,
"intervention_values": [ 38, 68, 97, 131, 176 ] 
}
