{
 "coeffs": {
 "const": -1.69755,
"lin": 0.002040421 
},
"type": "log1",
"AR_level":        1,
"r_square": 0.9975485,
"standard_error": 0.005344402,
"number_parameters": 3,
"intervention_values": [ 38, 68, 97, 131, 176 ] 
}
