{
 "coeffs": {
 "const": -1.668738,
"lin": -0.0004221263,
"quad": 3.843953e-05,
"cub": -1.655711e-07,
"interv1": 0.03884756 
},
"type": "log3",
"AR_level":        1,
"r_square": 0.9977409,
"standard_error": 0.00513049,
"intervention_data": [
 {
 "point": 97,
"type": "step" 
} 
],
"number_parameters": 6,
"intervention_values": [ 38, 68, 97, 131, 176 ] 
}
