{
 "coeffs": {
 "const": 0.1342219,
"lin": 0.0003819285 
},
"type": "linear",
"AR_level":        1,
"r_square": 0.9960998,
"standard_error": 0.001098837,
"number_parameters": 3,
"intervention_values": [ 21, 63, 122, 156 ] 
}
