{
 "coeffs": {
 "const": -1.991942,
"lin": 0.002288964 
},
"type": "log1",
"AR_level":        1,
"r_square": 0.9957405,
"standard_error": 0.006827812,
"number_parameters": 3,
"intervention_values": [ 21, 63, 122, 156 ] 
}
