{
 "coeffs": {
 "const": -1.970725,
"lin": 0.002079178,
"quad": -8.802552e-06,
"cub": 6.555847e-08,
"interv1": 0.0186792 
},
"type": "log3",
"AR_level":        1,
"r_square": 0.9958913,
"standard_error": 0.006705881,
"intervention_data": [
 {
 "point": 122,
"type": "step" 
} 
],
"number_parameters": 6,
"intervention_values": [ 21, 63, 122, 156 ] 
}
