{
 "coeffs": {
 "const": 0.3852656,
"lin": -0.002894136,
"quad": 1.431213e-05,
"cub": -2.104921e-08 
},
"type": "cubic",
"AR_level":        1,
"r_square": 0.987191,
"standard_error": 0.005207337,
"number_parameters": 5,
"intervention_values": [ 36, 105, 165, 290, 370, 376 ] 
}
