{
 "coeffs": {
 "const": 0.2700131,
"lin": -0.0001838421 
},
"type": "linear",
"AR_level":        1,
"r_square": 0.9872546,
"standard_error": 0.005194392,
"number_parameters": 3,
"intervention_values": [ 36, 105, 165, 290, 370, 376 ] 
}
