{
 "coeffs": {
 "const": 0.6140688,
"lin": 0.005929644,
"AR1": 0.1351856,
"AR2": 0.1883861,
"AR3": 0.2678137 
},
"type": "log1",
"AR_level":        3,
"r_square": 0.5262572,
"standard_error": 0.3599755,
"number_parameters": 5,
"intervention_values": [ 133, 199 ] 
}
