{
 "coeffs": {
 "const": 1.232895,
"lin": -0.001316884 
},
"type": "log1",
"AR_level":        1,
"r_square": 0.8671361,
"standard_error": 0.04027492,
"number_parameters": 3,
"intervention_values": [ 80, 119, 148, 158 ] 
}
