{
 "coeffs": {
 "const": 0.3980917,
"lin": -9.725284e-05,
"quad": -3.248587e-07,
"AR1": 0.8354253,
"AR2": 0.1410249 
},
"type": "square",
"AR_level":        2,
"r_square": 0.9879458,
"standard_error": 0.001934391,
"number_parameters": 5,
"intervention_values": [ 165, 203, 284 ] 
}
