{
 "coeffs": {
 "const": 2.202446,
"lin": 0.0009958328,
"AR1": 0.7313075,
"AR2": 0.2070249 
},
"type": "linear",
"AR_level":        2,
"r_square": 0.9225461,
"standard_error": 0.01319998,
"number_parameters": 4,
"intervention_values": [ 24, 97, 127 ] 
}
