{
 "coeffs": {
 "const": 2.181009,
"lin": 0.002566212,
"quad": -1.936738e-05,
"interv1": 0.1064225,
"AR1": 0.2842634,
"AR2": 0.3039204,
"AR3": 0.2273329 
},
"type": "square",
"AR_level":        3,
"r_square": 0.8957814,
"standard_error": 0.01527959,
"intervention_data": [
 {
 "point": 97,
"type": "step" 
} 
],
"number_parameters": 7,
"intervention_values": [ 24, 97, 127 ] 
}
