{
 "coeffs": {
 "const":  2.07043,
"lin": 0.02025454,
"quad": -0.0001456871,
"cub": 3.145074e-07 
},
"type": "cubic",
"AR_level":        1,
"r_square": 0.9428738,
"standard_error": 0.1047933,
"number_parameters": 5,
"intervention_values": [ 65, 104, 112, 240, 248, 265, 277, 301, 332 ] 
}
