{
 "coeffs": {
 "const": 0.2170491,
"lin": 0.0004587562,
"quad": -1.442474e-06 
},
"type": "square",
"AR_level":        1,
"r_square": 0.9767487,
"standard_error": 0.001545788,
"number_parameters": 4,
"intervention_values": [ 60, 110 ] 
}
