{
 "coeffs": {
 "const": 0.2828229,
"lin": 0.0006445173,
"quad": -7.721992e-06,
"cub": 1.70996e-08 
},
"type": "cubic",
"AR_level":        1,
"r_square": 0.988819,
"standard_error": 0.002589448,
"number_parameters": 5,
"intervention_values": [ 3, 89, 155, 182, 236 ] 
}
