{
 "coeffs": {
 "const": -1.219412,
"lin": 0.0002438885,
"quad": -5.955701e-07,
"interv1": 0.01591944,
"AR1": 0.807451,
"AR2": 0.1379711 
},
"type": "log2",
"AR_level":        2,
"r_square": 0.9326544,
"standard_error": 0.004511365,
"intervention_data": [
 {
 "point": 208,
"type": "step" 
} 
],
"number_parameters": 6,
"intervention_values": [ 208, 265, 284 ] 
}
