{
 "coeffs": {
 "const": -1.227261,
"lin": 0.0005624949,
"quad": -3.357307e-06,
"cub": 6.440467e-09,
"interv1": 0.0155116,
"AR1": 0.8082239,
"AR2": 0.1348006 
},
"type": "log3",
"AR_level":        2,
"r_square": 0.9326238,
"standard_error": 0.004512391,
"intervention_data": [
 {
 "point": 208,
"type": "step" 
} 
],
"number_parameters": 7,
"intervention_values": [ 208, 265, 284 ] 
}
