{
 "coeffs": {
 "const": 0.2541398,
"lin": -0.0003009104,
"quad": 1.191901e-06,
"interv1": 0.005025342,
"interv2": 0.04562792 
},
"type": "square",
"AR_level":        1,
"r_square": 0.8048052,
"standard_error": 0.005939157,
"intervention_data": [
 {
 "point": 55,
"type": "step" 
},
{
 "point": 193,
"type": "step" 
} 
],
"number_parameters": 6,
"intervention_values": [ 17, 24, 55, 67, 98, 119, 129, 156, 164, 172, 193, 204 ] 
}
