{
 "coeffs": {
 "const": 0.4636216,
"lin": -0.003123404,
"quad": 1.921539e-05,
"cub": -3.689552e-08 
},
"type": "cubic",
"AR_level":        1,
"r_square": 0.9798743,
"standard_error": 0.005964519,
"number_parameters": 5,
"intervention_values": [ 45, 62, 85, 260 ] 
}
