{
 "coeffs": {
 "const": -0.9934917,
"lin": -0.0009879747 
},
"type": "log1",
"AR_level":        1,
"r_square": 0.9802667,
"standard_error": 0.01643376,
"number_parameters": 3,
"intervention_values": [ 45, 62, 85, 260 ] 
}
