{
 "coeffs": {
 "const": -0.8425646,
"lin": -0.004392771,
"quad": 1.294689e-05 
},
"type": "log2",
"AR_level":        1,
"r_square": 0.9802919,
"standard_error": 0.01642324,
"number_parameters": 4,
"intervention_values": [ 45, 62, 85, 260 ] 
}
