{
 "coeffs": {
 "const": 0.4289425,
"lin": -0.001584198,
"quad": 4.663456e-06 
},
"type": "square",
"AR_level":        1,
"r_square": 0.9796133,
"standard_error": 0.00600308,
"number_parameters": 4,
"intervention_values": [ 45, 62, 85, 260 ] 
}
