{
 "coeffs": {
 "const": 1.722907,
"lin": 0.0002851664,
"quad": -1.00502e-06 
},
"type": "log2",
"AR_level":        1,
"r_square": 0.9440972,
"standard_error": 0.002669347,
"number_parameters": 4,
"intervention_values": [ 38, 69, 99, 129, 158, 168, 240, 261, 271, 294 ] 
}
