{
 "coeffs": {
 "const":  3.57799,
"lin": -0.003791932 
},
"type": "linear",
"AR_level":        1,
"r_square": 0.9525937,
"standard_error": 0.0701397,
"number_parameters": 3,
"intervention_values": [ 52, 118, 134, 144, 198, 232 ] 
}
