{
 "coeffs": {
 "const": 0.2617556,
"lin": -0.001915957,
"quad": 2.310587e-05,
"cub": -6.916683e-08 
},
"type": "cubic",
"AR_level":        1,
"r_square": 0.9315547,
"standard_error": 0.007315312,
"number_parameters": 5,
"intervention_values": [ 5, 10, 19, 36, 101, 216 ] 
}
