{
 "coeffs": {
 "const": 0.2208113,
"lin": 0.0001724673 
},
"type": "linear",
"AR_level":        1,
"r_square": 0.9313935,
"standard_error": 0.007323921,
"number_parameters": 3,
"intervention_values": [ 5, 10, 19, 36, 101, 216 ] 
}
