{
 "coeffs": {
 "const": -1.37533,
"lin": -0.007346311,
"quad": 9.309198e-05,
"cub": -2.835592e-07 
},
"type": "log3",
"AR_level":        1,
"r_square": 0.9290118,
"standard_error": 0.03423824,
"number_parameters": 5,
"intervention_values": [ 5, 10, 19, 36, 101, 216 ] 
}
