{
 "coeffs": {
 "const": -1.421415,
"lin": 0.000947051 
},
"type": "log1",
"AR_level":        1,
"r_square": 0.9644342,
"standard_error": 0.00937579,
"number_parameters": 3,
"intervention_values": [ 33, 115, 148, 158 ] 
}
