{
 "coeffs": {
 "const": 0.241049,
"lin": 0.0002810353,
"quad": -5.944777e-07,
"interv1": 0.007844794 
},
"type": "square",
"AR_level":        1,
"r_square": 0.9622705,
"standard_error": 0.00249192,
"intervention_data": [
 {
 "point": 115,
"type": "step" 
} 
],
"number_parameters": 5,
"intervention_values": [ 33, 115, 148, 158 ] 
}
