{
 "coeffs": {
 "const": -1.438806,
"lin": -0.0005601979,
"quad": 6.624564e-06,
"interv1": 0.02163996,
"AR1": 0.6785014,
"AR2": 0.2362998 
},
"type": "log2",
"AR_level":        2,
"r_square": 0.9298496,
"standard_error": 0.005434187,
"intervention_data": [
 {
 "point": 23,
"type": "step" 
} 
],
"number_parameters": 6,
"intervention_values": [ 23, 97, 127 ] 
}
