{
 "coeffs": {
 "const": -1.144857,
"lin": -0.003308891 
},
"type": "log1",
"AR_level":        1,
"r_square": 0.9328387,
"standard_error": 0.04906622,
"number_parameters": 3,
"intervention_values": [ 26, 33, 72, 104, 127 ] 
}
