{
 "coeffs": {
 "const": 0.2058826,
"lin": 0.00131703,
"quad": -8.211068e-06,
"cub": 1.984146e-08 
},
"type": "cubic",
"AR_level":        1,
"r_square": 0.9829926,
"standard_error": 0.01064152,
"number_parameters": 5,
"intervention_values": [ 85, 120, 164, 175, 285, 356 ] 
}
