{
 "coeffs": {
 "const": -1.499183,
"lin": 0.001603686,
"quad": 4.059732e-06,
"interv1": -0.1031832,
"interv2": -0.1544573 
},
"type": "log2",
"AR_level":        1,
"r_square": 0.9799634,
"standard_error": 0.03340865,
"intervention_data": [
 {
 "point": 164,
"type": "step" 
},
{
 "point": 175,
"type": "step" 
} 
],
"number_parameters": 6,
"intervention_values": [ 85, 120, 164, 175, 285, 356 ] 
}
