{
 "coeffs": {
 "const": 0.7253233,
"lin": 0.03015337,
"quad": -0.0002869914 
},
"type": "log2",
"AR_level":        1,
"r_square": 0.928797,
"standard_error": 0.06465596,
"number_parameters": 4,
"intervention_values": [ 15, 41, 48 ] 
}
