{
 "coeffs": {
 "const": 9.773914,
"lin": -0.03109209,
"quad": 0.0001143905,
"cub": -1.517724e-07,
"interv1": -0.2552757 
},
"type": "cubic",
"AR_level":        1,
"r_square": 0.9955965,
"standard_error": 0.05955347,
"intervention_data": [
 {
 "point": 29,
"type": "step" 
} 
],
"number_parameters": 6,
"intervention_values": [ 29, 66, 94, 122, 204, 258 ] 
}
