{
 "coeffs": {
 "const": 9.672407,
"lin": -0.02310322,
"quad": 4.959736e-05,
"interv1": -0.4172398,
"AR1": 0.7231545,
"AR2": 0.1906008 
},
"type": "square",
"AR_level":        2,
"r_square": 0.9953985,
"standard_error": 0.06037114,
"intervention_data": [
 {
 "point": 29,
"type": "step" 
} 
],
"number_parameters": 6,
"intervention_values": [ 29, 66, 94, 122, 204, 258 ] 
}
