{
 "coeffs": {
 "const": 4.300279,
"lin": 0.005707543,
"quad": -0.0001384145,
"cub": 1.173617e-06,
"interv1": 0.03059828,
"interv2": 0.04755348 
},
"type": "cubic",
"AR_level":        0,
"r_square": 0.9446594,
"standard_error": 0.0120101,
"intervention_data": [
 {
 "point": 15,
"type": "step" 
},
{
 "point": 49,
"type": "step" 
} 
],
"number_parameters": 6,
"intervention_values": [ 15, 49, 66 ] 
}
