{
 "coeffs": {
 "const": 0.299259,
"lin": -0.002022995,
"quad": 2.360292e-05,
"cub": -9.406684e-08 
},
"type": "cubic",
"AR_level":        1,
"r_square": 0.9528438,
"standard_error": 0.003612439,
"number_parameters": 5,
"intervention_values": [ 20, 84, 120 ] 
}
