{
 "coeffs": {
 "const": 0.2899106,
"lin": -0.001161207,
"quad": 6.272062e-06 
},
"type": "square",
"AR_level":        1,
"r_square":  0.95219,
"standard_error": 0.003637394,
"number_parameters": 4,
"intervention_values": [ 20, 84, 120 ] 
}
