{
 "coeffs": {
 "const": 1.928491,
"lin": -0.002056203,
"quad": 1.933945e-05,
"cub": -5.161874e-08 
},
"type": "log3",
"AR_level":        1,
"r_square": 0.8501303,
"standard_error": 0.01029543,
"number_parameters": 5,
"intervention_values": [ 3, 236 ] 
}
