{
 "coeffs": {
 "const": 0.2201528,
"lin": 0.0002701598,
"quad": -1.421379e-06 
},
"type": "square",
"AR_level":        1,
"r_square": 0.8971622,
"standard_error": 0.00122128,
"number_parameters": 4,
"intervention_values": [ 20, 156 ] 
}
