{
 "coeffs": {
 "const": -1.12447,
"lin": -0.000763873,
"interv1": -3.471211,
"AR1": 0.6007961,
"AR2": 0.1363413,
"AR3": 0.1833544 
},
"type": "log1",
"AR_level":        3,
"r_square": 0.9873446,
"standard_error": 0.02211362,
"intervention_data": [
 {
 "point": 119,
"type": "pulse" 
} 
],
"number_parameters": 6,
"intervention_values": [ 117, 119, 160, 195, 249, 297, 355, 376 ] 
}
