{
 "coeffs": {
 "const": -1.295738,
"lin": 0.000154956 
},
"type": "log1",
"AR_level":        1,
"r_square": 0.9125022,
"standard_error": 0.01871744,
"number_parameters": 3,
"intervention_values": [ 139, 204, 236 ] 
}
