{
 "coeffs": {
 "const": 0.2031203,
"lin": -0.0004543746,
"AR1": 0.7337552,
"AR2": 0.2412522 
},
"type": "linear",
"AR_level":        2,
"r_square": 0.9947216,
"standard_error": 0.001795003,
"number_parameters": 4,
"intervention_values": [ 38, 97, 131, 166, 176 ] 
}
