{
 "coeffs": {
 "const": -1.486754,
"lin": -0.006017933,
"quad": 1.988179e-05,
"interv1": -0.02953133,
"AR1": 0.6223894,
"AR2":  0.26631 
},
"type": "log2",
"AR_level":        2,
"r_square": 0.9953718,
"standard_error": 0.009840222,
"intervention_data": [
 {
 "point": 97,
"type": "step" 
} 
],
"number_parameters": 6,
"intervention_values": [ 38, 97, 131, 166, 176 ] 
}
