{
 "coeffs": {
 "const": 2.161181,
"lin": 0.0008428512,
"AR1": 1.081551,
"AR2": -0.3584229,
"AR3": 0.1761188 
},
"type": "linear",
"AR_level":        3,
"r_square": 0.9051963,
"standard_error": 0.01897957,
"number_parameters": 5,
"intervention_values": [ 28, 98, 156, 183 ] 
}
