{
 "coeffs": {
 "const": 1.483515,
"lin": 0.001851457,
"quad": -5.099659e-05,
"cub": 5.74141e-07,
"interv1": 0.01272071,
"interv2": -0.01008486,
"AR1": 0.5023599,
"AR2": -0.3302979 
},
"type": "log3",
"AR_level":        2,
"r_square": 0.9711957,
"standard_error": 0.002285297,
"intervention_data": [
 {
 "point": 55,
"type": "pulse" 
},
{
 "point": 63,
"type": "step" 
} 
],
"number_parameters": 8,
"intervention_values": [ 55, 63, 66 ] 
}
