{
 "coeffs": {
 "const": 0.4624244,
"lin": -0.0003403825,
"quad": 8.23844e-06 
},
"type": "log2",
"AR_level":        1,
"r_square": 0.9764116,
"standard_error": 0.003803123,
"number_parameters": 4,
"intervention_values": [ 60, 110 ] 
}
