{
 "coeffs": {
 "const": 0.4945902,
"lin": -0.003549758,
"quad": 7.835839e-05,
"cub": -4.139115e-07 
},
"type": "log3",
"AR_level":        1,
"r_square": 0.9771937,
"standard_error": 0.003739547,
"number_parameters": 5,
"intervention_values": [ 60, 110 ] 
}
