{
 "coeffs": {
 "const": 0.2578983,
"lin": -0.000154646,
"interv1": -0.01023255,
"interv2": -0.01733043 
},
"type": "linear",
"AR_level":        1,
"r_square": 0.9809695,
"standard_error": 0.004108276,
"intervention_data": [
 {
 "point": 120,
"type": "step" 
},
{
 "point": 154,
"type": "step" 
} 
],
"number_parameters": 5,
"intervention_values": [ 22, 120, 154, 184, 227, 356 ] 
}
