{
 "coeffs": {
 "const": 1.153091,
"lin": 0.003257738,
"quad": -1.341984e-05 
},
"type": "log2",
"AR_level":        1,
"r_square": 0.9913739,
"standard_error": 0.006857132,
"number_parameters": 4,
"intervention_values": [ 20, 45, 74, 159, 217, 260 ] 
}
