{
 "coeffs": {
 "const": 9.578141,
"lin": -0.02350909,
"AR1": 1.167467,
"AR2": -0.1950229 
},
"type": "linear",
"AR_level":        2,
"r_square": 0.9956918,
"standard_error": 0.09659607,
"number_parameters": 4,
"intervention_values": [ 51, 114, 161, 183 ] 
}
