{
 "coeffs": {
 "const":  2.25379,
"lin": -0.002912855,
"AR1": 1.158673,
"AR2": -0.181991 
},
"type": "log1",
"AR_level":        2,
"r_square": 0.9965472,
"standard_error": 0.01028331,
"number_parameters": 4,
"intervention_values": [ 51, 114, 161, 183 ] 
}
