{
 "coeffs": {
 "const": 2.428004,
"lin": -0.008465979,
"quad": 2.99158e-05,
"AR1":  1.15889,
"AR2": -0.1859235 
},
"type": "log2",
"AR_level":        2,
"r_square": 0.9965295,
"standard_error": 0.01030966,
"number_parameters": 5,
"intervention_values": [ 51, 114, 161, 183 ] 
}
