{
 "coeffs": {
 "const": 7.477743,
"lin": -0.01625846,
"quad": 9.89419e-05,
"cub": -1.903714e-07 
},
"type": "cubic",
"AR_level":        1,
"r_square": 0.9667359,
"standard_error": 0.0481107,
"number_parameters": 5,
"intervention_values": [ 66, 95, 148, 258 ] 
}
