{
 "coeffs": {
 "const": 1.948378,
"lin": -0.0002995415 
},
"type": "log1",
"AR_level":        1,
"r_square": 0.9661108,
"standard_error": 0.007150855,
"number_parameters": 3,
"intervention_values": [ 66, 95, 148, 258 ] 
}
