{
 "coeffs": {
 "const":   7.3029,
"lin": -0.008439123,
"quad": 2.444099e-05 
},
"type": "square",
"AR_level":        1,
"r_square": 0.9661045,
"standard_error": 0.04856514,
"number_parameters": 4,
"intervention_values": [ 66, 95, 148, 258 ] 
}
