{
 "coeffs": {
 "const": 0.07991156,
"lin": 0.001691195,
"quad": -1.054692e-05,
"cub": 1.815551e-08 
},
"type": "cubic",
"AR_level":        1,
"r_square": 0.8301732,
"standard_error": 0.01074338,
"number_parameters": 5,
"intervention_values": [ 22, 104, 114, 181, 187, 231, 238, 250, 265, 277, 332 ] 
}
