{
 "coeffs": {
 "const": 0.3067779,
"lin": -0.0003060341,
"quad": 6.970177e-06,
"cub": -1.928233e-08,
"interv1": 0.03292318 
},
"type": "cubic",
"AR_level":        1,
"r_square": 0.9898231,
"standard_error": 0.003414909,
"intervention_data": [
 {
 "point": 242,
"type": "step" 
} 
],
"number_parameters": 6,
"intervention_values": [ 104, 242, 284 ] 
}
