{
 "coeffs": {
 "const": -1.21973,
"lin": 0.001060691 
},
"type": "log1",
"AR_level":        1,
"r_square": 0.9924282,
"standard_error": 0.008755671,
"number_parameters": 3,
"intervention_values": [ 104, 242, 284 ] 
}
