{
 "coeffs": {
 "const":  7.38017,
"lin": -0.03585607,
"quad": 0.0001385326 
},
"type": "square",
"AR_level":        1,
"r_square": 0.9840949,
"standard_error": 0.08537755,
"number_parameters": 4,
"intervention_values": [ 52, 96, 118, 134, 165, 232 ] 
}
