{
 "coeffs": {
 "const": -1.713777,
"lin": 0.0004498197 
},
"type": "log1",
"AR_level":        1,
"r_square": 0.9655419,
"standard_error": 0.008395914,
"number_parameters": 3,
"intervention_values": [ 60, 113, 260 ] 
}
