{
 "coeffs": {
 "const": -3.434665,
"lin": 0.004654618,
"AR1": 0.630945,
"AR2": 0.3391238 
},
"type": "log1",
"AR_level":        2,
"r_square": 0.9584225,
"standard_error": 0.1143004,
"number_parameters": 4,
"intervention_values": [ 11, 29, 41, 48, 55, 59, 70, 86, 101, 108, 137, 145, 204, 221, 230, 255, 262, 295 ] 
}
