{
 "coeffs": {
 "const": -4.373354,
"lin": 0.02615439,
"quad": -0.0001011911,
"cub": 1.091549e-07,
"AR1": 0.5626047,
"AR2": 0.2882163 
},
"type": "log3",
"AR_level":        2,
"r_square": 0.9605517,
"standard_error": 0.1113353,
"number_parameters": 6,
"intervention_values": [ 11, 29, 41, 48, 55, 59, 70, 86, 101, 108, 137, 145, 204, 221, 230, 255, 262, 295 ] 
}
