{
 "coeffs": {
 "const": -1.216922,
"lin": -0.0008534402,
"quad": 5.502753e-06,
"interv1": 0.06430232,
"AR1": 0.4088272,
"AR2": 0.226363 
},
"type": "log2",
"AR_level":        2,
"r_square": 0.9300307,
"standard_error": 0.007566532,
"intervention_data": [
 {
 "point": 60,
"type": "step" 
} 
],
"number_parameters": 6,
"intervention_values": [ 60, 110 ] 
}
