{
 "coeffs": {
 "const": -1.190688,
"lin": -0.004313787,
"quad": 9.743971e-05,
"cub": -5.313103e-07 
},
"type": "log3",
"AR_level":        1,
"r_square": 0.9498203,
"standard_error": 0.006394549,
"number_parameters": 5,
"intervention_values": [ 60, 110 ] 
}
