{
 "coeffs": {
 "const": 0.296129,
"lin": -0.0002486765,
"quad": 1.602319e-06,
"interv1": 0.01908535,
"AR1": 0.4094925,
"AR2": 0.2212571 
},
"type": "square",
"AR_level":        2,
"r_square": 0.9305097,
"standard_error": 0.002241791,
"intervention_data": [
 {
 "point": 60,
"type": "step" 
} 
],
"number_parameters": 6,
"intervention_values": [ 60, 110 ] 
}
