{
 "coeffs": {
 "const":  1.65794,
"lin": 0.007235152,
"quad": -7.934672e-05,
"cub": 2.632277e-07,
"interv1": 0.1439938 
},
"type": "log3",
"AR_level":        0,
"r_square": 0.7766171,
"standard_error": 0.06638079,
"intervention_data": [
 {
 "point": 84,
"type": "step" 
} 
],
"number_parameters": 5,
"intervention_values": [ 27, 84, 207 ] 
}
