{
 "coeffs": {
 "const": 1.604818,
"lin": -0.0001698817,
"interv1": -0.0186489,
"interv2": 0.04425042,
"interv3": 0.03697362,
"AR1": 0.5009007,
"AR2": 0.2859516 
},
"type": "log1",
"AR_level":        2,
"r_square": 0.9629939,
"standard_error": 0.004602128,
"intervention_data": [
 {
 "point": 52,
"type": "step" 
},
{
 "point": 184,
"type": "step" 
},
{
 "point": 207,
"type": "step" 
} 
],
"number_parameters": 7,
"intervention_values": [ 52, 96, 184, 207, 232 ] 
}
