{
 "coeffs": {
 "const": 0.2820867,
"lin": -0.0003444338,
"quad": 2.477802e-06,
"cub": -3.815639e-09,
"AR1": 0.6495614,
"AR2": 0.1528454 
},
"type": "cubic",
"AR_level":        2,
"r_square": 0.8664134,
"standard_error": 0.004830526,
"number_parameters": 6,
"intervention_values": [ 207, 250, 257, 316, 328 ] 
}
