{
 "coeffs": {
 "const": -4.499883,
"lin": 0.04112111,
"quad": -0.0001392452,
"AR1": 0.1537954,
"AR2": 0.1583511,
"AR3": 0.198146 
},
"type": "log2",
"AR_level":        3,
"r_square": 0.8073523,
"standard_error": 0.4155999,
"number_parameters": 6,
"intervention_values": [ 3, 9, 66, 74, 133, 199 ] 
}
