{
 "coeffs": {
 "const": 2.616876,
"lin": 0.001599771,
"AR1":  1.22626,
"AR2": -0.2412305 
},
"type": "linear",
"AR_level":        2,
"r_square": 0.9805425,
"standard_error": 0.01611977,
"number_parameters": 4,
"intervention_values": [ 19, 97, 121, 156 ] 
}
