{
 "coeffs": {
 "const": 0.9629466,
"lin": 0.0005736064,
"AR1": 1.223066,
"AR2": -0.2395233 
},
"type": "log1",
"AR_level":        2,
"r_square": 0.9793597,
"standard_error": 0.005992261,
"number_parameters": 4,
"intervention_values": [ 19, 97, 121, 156 ] 
}
