{
 "coeffs": {
 "const": 0.906143,
"lin": 0.005434304,
"quad": -8.316316e-05,
"cub": 3.700071e-07,
"AR1": 1.165844,
"AR2": -0.2427813 
},
"type": "log3",
"AR_level":        2,
"r_square": 0.9801685,
"standard_error": 0.005873683,
"number_parameters": 6,
"intervention_values": [ 19, 97, 121, 156 ] 
}
