{
 "coeffs": {
 "const": 0.2606705,
"lin": -0.0002875907 
},
"type": "linear",
"AR_level":        1,
"r_square": 0.9966634,
"standard_error": 0.001209205,
"number_parameters": 3,
"intervention_values": [ 56, 99, 118, 232 ] 
}
