{
 "coeffs": {
 "const": -1.494888,
"lin": 0.003231048,
"quad": -1.068128e-05 
},
"type": "log2",
"AR_level":        1,
"r_square": 0.9278407,
"standard_error": 0.02021362,
"number_parameters": 4,
"intervention_values": [ 8, 22, 30, 79, 188, 208 ] 
}
