{
 "coeffs": {
 "const": 0.2230695,
"lin": 0.0008251115,
"quad": -2.710636e-06 
},
"type": "square",
"AR_level":        1,
"r_square": 0.9267961,
"standard_error": 0.005252691,
"number_parameters": 4,
"intervention_values": [ 8, 22, 30, 79, 188, 208 ] 
}
