{
 "coeffs": {
 "const": 0.5505623,
"lin": 0.02923016,
"quad": -0.0002599313,
"cub": 7.335289e-07,
"interv1": 0.3417273 
},
"type": "cubic",
"AR_level":        1,
"r_square": 0.9775198,
"standard_error": 0.05893168,
"intervention_data": [
 {
 "point": 26,
"type": "step" 
} 
],
"number_parameters": 6,
"intervention_values": [ 26, 41, 119, 148, 158 ] 
}
