{
 "coeffs": {
 "const":  1.59531,
"lin": -0.003490096,
"quad": 3.484266e-05 
},
"type": "log2",
"AR_level":        1,
"r_square": 0.8751999,
"standard_error": 0.02035741,
"number_parameters": 4,
"intervention_values": [ 46, 57, 104, 120 ] 
}
