{
 "coeffs": {
 "const": 1.868467,
"lin": 0.02187396,
"quad": -2.967106e-05,
"interv1": -0.6628813 
},
"type": "square",
"AR_level":        1,
"r_square": 0.9829473,
"standard_error": 0.1197656,
"intervention_data": [
 {
 "point": 4,
"type": "step" 
} 
],
"number_parameters": 5,
"intervention_values": [ 4, 12, 15, 22, 50, 57, 84, 146, 160, 179 ] 
}
