{
 "coeffs": {
 "const": 4.907852,
"lin": 0.02278548,
"quad": -0.0003163738,
"cub": 1.14826e-06 
},
"type": "cubic",
"AR_level":        1,
"r_square": 0.4028012,
"standard_error": 0.3131703,
"number_parameters": 5,
"intervention_values": 207 
}
