{
 "coeffs": {
 "const": 1.694896,
"lin": -0.001415788,
"quad": 8.130842e-06,
"AR1": 0.1711747,
"AR2": 0.5349347 
},
"type": "log2",
"AR_level":        2,
"r_square": 0.4600169,
"standard_error": 0.05832008,
"number_parameters": 5,
"intervention_values": 207 
}
