{
 "coeffs": {
 "const": 4.165309,
"lin": -0.003808231,
"quad": 4.161743e-05,
"cub": -1.046395e-07 
},
"type": "cubic",
"AR_level":        1,
"r_square": 0.9544411,
"standard_error": 0.01685772,
"number_parameters": 5,
"intervention_values": [ 37, 66, 109, 141, 168, 219, 240, 261, 271, 294 ] 
}
