{
 "coeffs": {
 "const": 0.5548387,
"lin": 0.001230866,
"quad": -1.11515e-05,
"cub": 1.937745e-08,
"interv1": 0.02921343,
"interv2": -0.03206718,
"AR1": 0.1692467,
"AR2": 0.1190365,
"AR3": 0.1057818 
},
"type": "log3",
"AR_level":        3,
"r_square": 0.6531292,
"standard_error": 0.03583783,
"intervention_data": [
 {
 "point": 248,
"type": "step" 
},
{
 "point": 357,
"type": "step" 
} 
],
"number_parameters": 9,
"intervention_values": [ 183, 248, 285, 357, 376 ] 
}
