{
 "coeffs": {
 "const": 1.803199,
"lin": 0.001289499 
},
"type": "log1",
"AR_level":        1,
"r_square": 0.9957811,
"standard_error": 0.00397942,
"number_parameters": 3,
"intervention_values": [ 33, 75, 120, 156 ] 
}
