{
 "coeffs": {
 "const": 6.220403,
"lin": 0.002064546,
"quad": 4.225845e-05 
},
"type": "square",
"AR_level":        1,
"r_square": 0.9958696,
"standard_error": 0.02701769,
"number_parameters": 4,
"intervention_values": [ 33, 75, 120, 156 ] 
}
