{
 "coeffs": {
 "const": -1.345744,
"lin": -0.0006070134 
},
"type": "log1",
"AR_level":        1,
"r_square": 0.9512069,
"standard_error": 0.01441605,
"number_parameters": 3,
"intervention_values": [ 28, 45, 81, 144 ] 
}
