{
 "coeffs": {
 "const": -1.25434,
"lin": -0.004263814,
"quad": 2.487602e-05 
},
"type": "log2",
"AR_level":        1,
"r_square": 0.9508561,
"standard_error": 0.01446778,
"number_parameters": 4,
"intervention_values": [ 28, 45, 81, 144 ] 
}
