{
 "coeffs": {
 "const": 0.3336591,
"lin": -0.001104985,
"quad": 1.99281e-05,
"cub": -7.088068e-08 
},
"type": "cubic",
"AR_level":        1,
"r_square": 0.9404779,
"standard_error": 0.006357348,
"number_parameters": 5,
"intervention_values": [ 65, 102, 199 ] 
}
