{
 "coeffs": {
 "const": -1.102882,
"lin": -0.00299506,
"quad": 5.540564e-05,
"cub": -1.985938e-07 
},
"type": "log3",
"AR_level":        1,
"r_square": 0.9448294,
"standard_error": 0.01716712,
"number_parameters": 5,
"intervention_values": [ 65, 102, 199 ] 
}
