{
 "coeffs": {
 "const": 0.3086204,
"lin": 0.001392309,
"quad": -1.681768e-05,
"cub": 6.285404e-08 
},
"type": "cubic",
"AR_level":        1,
"r_square": 0.9277717,
"standard_error": 0.002756783,
"number_parameters": 5,
"intervention_values": [ 23, 114, 141 ] 
}
