{
 "coeffs": {
 "const": -1.109519,
"lin": 0.0004107929 
},
"type": "log1",
"AR_level":        1,
"r_square": 0.9295456,
"standard_error": 0.008156498,
"number_parameters": 3,
"intervention_values": [ 23, 114, 141 ] 
}
