{
 "coeffs": {
 "const": 1.633821,
"lin": -6.994746e-05,
"AR1": 0.756821,
"AR2": 0.2015684 
},
"type": "log1",
"AR_level":        2,
"r_square": 0.9285855,
"standard_error": 0.006971524,
"number_parameters": 4,
"intervention_values": [ 38, 93, 176 ] 
}
