{
 "coeffs": {
 "const": -1.234898,
"lin": -0.01678448,
"quad": 0.0001013172,
"cub": -1.941709e-07 
},
"type": "log3",
"AR_level":        1,
"r_square": 0.9834736,
"standard_error": 0.03201961,
"number_parameters": 5,
"intervention_values": [ 5, 11, 45, 76, 116, 216 ] 
}
