{
 "coeffs": {
 "const": 0.6952734,
"lin": -0.002647043 
},
"type": "log1",
"AR_level":        1,
"r_square": 0.9900434,
"standard_error": 0.01562025,
"number_parameters": 3,
"intervention_values": [ 53, 81, 127, 183 ] 
}
