{
 "coeffs": {
 "const": 3.225761,
"lin": -0.0006658446 
},
"type": "linear",
"AR_level":        1,
"r_square": 0.9695343,
"standard_error": 0.07600583,
"number_parameters": 3,
"intervention_values": [ 36, 93, 252, 304, 330, 376 ] 
}
