{
 "coeffs": {
 "const": 0.5686147,
"lin": 0.02720068,
"quad": -0.0001273042,
"interv1": 0.4945706,
"AR1": 0.1906644,
"AR2": 0.2158902 
},
"type": "square",
"AR_level":        2,
"r_square": 0.4217567,
"standard_error": 0.4758441,
"intervention_data": [
 {
 "point": 149,
"type": "step" 
} 
],
"number_parameters": 6,
"intervention_values": [ 149, 199 ] 
}
