{
 "coeffs": {
 "const": 3.323927,
"lin": 0.005732253,
"quad": -2.606298e-05,
"cub": 4.67622e-08 
},
"type": "cubic",
"AR_level":        1,
"r_square": 0.9758948,
"standard_error": 0.02305524,
"number_parameters": 5,
"intervention_values": [ 47, 159, 260 ] 
}
