{
 "coeffs": {
 "const": 0.4400911,
"lin": -0.005186207,
"quad": 3.62192e-05,
"cub": -7.640208e-08 
},
"type": "cubic",
"AR_level":        1,
"r_square": 0.9890036,
"standard_error": 0.005628801,
"number_parameters": 5,
"intervention_values": [ 52, 109, 134, 232 ] 
}
