{
 "coeffs": {
 "const": 0.302039,
"lin": -0.0004557699 
},
"type": "linear",
"AR_level":        1,
"r_square": 0.988706,
"standard_error": 0.005704461,
"number_parameters": 3,
"intervention_values": [ 52, 109, 134, 232 ] 
}
