{
 "coeffs": {
 "const": -1.233209,
"lin": -0.001522897 
},
"type": "log1",
"AR_level":        1,
"r_square": 0.9863204,
"standard_error": 0.02247434,
"number_parameters": 3,
"intervention_values": [ 52, 109, 134, 232 ] 
}
