{
 "coeffs": {
 "const": 5.287115,
"lin": -0.02013264,
"AR1": 1.162717,
"AR2": -0.1951568 
},
"type": "linear",
"AR_level":        2,
"r_square": 0.9789389,
"standard_error": 0.2829088,
"number_parameters": 4,
"intervention_values": [ 7, 22, 30, 62, 188, 202, 208 ] 
}
