{
 "coeffs": {
 "const": 1.489152,
"lin": -0.004342955,
"AR1": 1.229404,
"AR2": -0.253031 
},
"type": "log1",
"AR_level":        2,
"r_square": 0.9846126,
"standard_error": 0.05274498,
"number_parameters": 4,
"intervention_values": [ 7, 22, 30, 62, 188, 202, 208 ] 
}
