{
 "coeffs": {
 "const":  2.53318,
"lin": -0.04640507,
"quad": 0.0003815919,
"cub": -9.633579e-07,
"AR1": 1.207555,
"AR2": -0.2729859 
},
"type": "log3",
"AR_level":        2,
"r_square": 0.9848749,
"standard_error": 0.05229346,
"number_parameters": 6,
"intervention_values": [ 7, 22, 30, 62, 188, 202, 208 ] 
}
