{
 "coeffs": {
 "const": 7.943363,
"lin": -0.0948903,
"quad": 0.0003549932,
"AR1": 1.160655,
"AR2": -0.2051974 
},
"type": "square",
"AR_level":        2,
"r_square": 0.9789191,
"standard_error": 0.2830422,
"number_parameters": 5,
"intervention_values": [ 7, 22, 30, 62, 188, 202, 208 ] 
}
