{
 "coeffs": {
 "const": 0.272696,
"lin": 0.0002680381 
},
"type": "linear",
"AR_level":        1,
"r_square": 0.9886035,
"standard_error": 0.002987219,
"number_parameters": 3,
"intervention_values": [ 110, 228, 292, 323 ] 
}
