{
 "coeffs": {
 "const": 0.2543787,
"lin": 0.0006021353,
"quad": -1.024938e-06 
},
"type": "square",
"AR_level":        1,
"r_square": 0.9886114,
"standard_error": 0.002986179,
"number_parameters": 4,
"intervention_values": [ 110, 228, 292, 323 ] 
}
