{
 "coeffs": {
 "const": 0.4431043,
"lin": 0.0007901834,
"quad": -1.046224e-05,
"cub": 1.844665e-08 
},
"type": "cubic",
"AR_level":        1,
"r_square": 0.9837604,
"standard_error": 0.005472838,
"number_parameters": 5,
"intervention_values": [ 110, 179, 199 ] 
}
