{
 "coeffs": {
 "const": 0.6616407,
"lin": -0.001984658,
"quad": 5.241506e-05,
"cub": -1.82042e-07 
},
"type": "log3",
"AR_level":        1,
"r_square": 0.9898353,
"standard_error": 0.01236574,
"number_parameters": 5,
"intervention_values": [ 39, 103, 131, 199 ] 
}
