{
 "coeffs": {
 "const": 1.089271,
"lin": -0.002177628,
"quad": 1.53748e-05 
},
"type": "log2",
"AR_level":        1,
"r_square": 0.7641663,
"standard_error": 0.01635677,
"number_parameters": 4,
"intervention_values": [ 30, 97 ] 
}
