{
 "coeffs": {
 "const": 2.173221,
"lin": -0.009648254,
"quad": 4.643841e-05,
"cub": -6.732985e-08 
},
"type": "cubic",
"AR_level":        1,
"r_square": 0.9888277,
"standard_error": 0.01627003,
"number_parameters": 5,
"intervention_values": [ 36, 74, 166, 280, 376 ] 
}
