{
 "coeffs": {
 "const": 1.805256,
"lin": -0.006719183,
"quad": 3.381552e-05,
"cub": -5.006558e-08,
"AR1": 0.3653213,
"AR2": 0.2102776 
},
"type": "cubic",
"AR_level":        2,
"r_square": 0.5521598,
"standard_error": 0.1035596,
"number_parameters": 6,
"intervention_values": [ 56, 102, 260 ] 
}
