{
 "coeffs": {
 "const": 1.841883,
"lin": -0.007169992,
"quad": 1.931027e-05,
"interv1": 0.2118072,
"AR1": 0.3317798,
"AR2": 0.1903455,
"AR3": -0.1381623 
},
"type": "square",
"AR_level":        3,
"r_square": 0.5693526,
"standard_error": 0.1011005,
"intervention_data": [
 {
 "point": 102,
"type": "step" 
} 
],
"number_parameters": 7,
"intervention_values": [ 56, 102, 260 ] 
}
