{
 "coeffs": {
 "const": 5.980023,
"lin": -0.003445574,
"quad": 3.596065e-05,
"cub": -8.661405e-08 
},
"type": "cubic",
"AR_level":        1,
"r_square": 0.9688117,
"standard_error": 0.01172334,
"number_parameters": 5,
"intervention_values": [ 26, 52, 81, 117, 153, 166, 261, 294 ] 
}
