{
 "coeffs": {
 "const": 1.788355,
"lin": -0.00057554,
"quad": 6.006533e-06,
"cub": -1.446709e-08 
},
"type": "log3",
"AR_level":        1,
"r_square": 0.9689425,
"standard_error": 0.001953157,
"number_parameters": 5,
"intervention_values": [ 26, 52, 81, 117, 153, 166, 261, 294 ] 
}
