{
 "coeffs": {
 "const": -1.031305,
"lin": -0.0004227756,
"AR1":  1.20915,
"AR2": -0.2140175 
},
"type": "log1",
"AR_level":        2,
"r_square": 0.9835789,
"standard_error": 0.01130342,
"number_parameters": 4,
"intervention_values": [ 15, 104, 115, 152, 171, 195, 220, 241, 250, 266, 277, 311, 332 ] 
}
