{
 "coeffs": {
 "const": -1.141174,
"lin": 0.004536065,
"quad": -4.18798e-05,
"cub": 9.008851e-08,
"AR1": 1.150022,
"AR2": -0.2001648 
},
"type": "log3",
"AR_level":        2,
"r_square": 0.9843683,
"standard_error": 0.01102836,
"number_parameters": 6,
"intervention_values": [ 15, 104, 115, 152, 171, 195, 220, 241, 250, 266, 277, 311, 332 ] 
}
