{
 "coeffs": {
 "const": 1.752379,
"lin": 0.003002334,
"quad": -6.285568e-06 
},
"type": "log2",
"AR_level":        1,
"r_square": 0.9932606,
"standard_error": 0.006119497,
"number_parameters": 4,
"intervention_values": [ 60, 110 ] 
}
