{
 "coeffs": {
 "const": 1.737655,
"lin": 0.005064935,
"quad": -6.290999e-05,
"cub": 3.253272e-07,
"interv1": 0.04610517,
"AR1": 0.6019624,
"AR2": 0.2030986 
},
"type": "log3",
"AR_level":        2,
"r_square": 0.9880653,
"standard_error": 0.008016672,
"intervention_data": [
 {
 "point": 60,
"type": "step" 
} 
],
"number_parameters": 7,
"intervention_values": [ 60, 110 ] 
}
