{
 "coeffs": {
 "const": 1.913878,
"lin": -0.001336309,
"AR1": 0.7961256,
"AR2": 0.1781798 
},
"type": "linear",
"AR_level":        2,
"r_square": 0.9976798,
"standard_error": 0.004431996,
"number_parameters": 4,
"intervention_values": [ 57, 94, 131, 162, 185, 232 ] 
}
