{
 "coeffs": {
 "const": 0.6507065,
"lin": -0.0007535674,
"AR1": 0.7776287,
"AR2": 0.1977902 
},
"type": "log1",
"AR_level":        2,
"r_square": 0.9977214,
"standard_error": 0.002465793,
"number_parameters": 4,
"intervention_values": [ 57, 94, 131, 162, 185, 232 ] 
}
