{
 "coeffs": {
 "const": 0.6755567,
"lin": -0.001377967,
"quad": 2.652529e-06,
"AR1": 0.7572391,
"AR2": 0.1765553 
},
"type": "log2",
"AR_level":        2,
"r_square": 0.9977501,
"standard_error": 0.002450241,
"number_parameters": 5,
"intervention_values": [ 57, 94, 131, 162, 185, 232 ] 
}
