{
 "coeffs": {
 "const": 0.3654299,
"lin": -0.0004789321,
"quad": 1.075224e-06,
"AR1": 0.635014,
"AR2": 0.2414154 
},
"type": "square",
"AR_level":        2,
"r_square": 0.9305288,
"standard_error": 0.004842277,
"number_parameters": 5,
"intervention_values": [ 69, 133, 204 ] 
}
