{
 "coeffs": {
 "const":  2.22411,
"lin": -0.001430991,
"AR1": 0.7575396,
"AR2": 0.2158787 
},
"type": "linear",
"AR_level":        2,
"r_square": 0.9727435,
"standard_error": 0.02089248,
"number_parameters": 4,
"intervention_values": [ 6, 22, 44, 174, 185, 188, 204, 208 ] 
}
