{
 "coeffs": {
 "const": 0.796835,
"lin": -0.0006591176,
"AR1": 0.7698751,
"AR2": 0.2031464 
},
"type": "log1",
"AR_level":        2,
"r_square": 0.9722832,
"standard_error": 0.009689613,
"number_parameters": 4,
"intervention_values": [ 6, 22, 44, 174, 185, 188, 204, 208 ] 
}
