{
 "coeffs": {
 "const": 0.2645315,
"lin": 0.0002212487 
},
"type": "linear",
"AR_level":        1,
"r_square": 0.8926782,
"standard_error": 0.005412331,
"number_parameters": 3,
"intervention_values": [ 7, 22, 89, 171, 180, 188, 204, 208 ] 
}
