{
 "coeffs": {
 "const": -1.344288,
"lin": 0.001203717,
"quad": -2.011353e-06 
},
"type": "log2",
"AR_level":        1,
"r_square": 0.8923957,
"standard_error": 0.01922532,
"number_parameters": 4,
"intervention_values": [ 7, 22, 89, 171, 180, 188, 204, 208 ] 
}
