{
 "coeffs": {
 "const": 0.2604593,
"lin": 0.0003355367,
"quad": -5.421473e-07 
},
"type": "square",
"AR_level":        1,
"r_square": 0.8925942,
"standard_error": 0.005414448,
"number_parameters": 4,
"intervention_values": [ 7, 22, 89, 171, 180, 188, 204, 208 ] 
}
