{
 "coeffs": {
 "const": 0.9563995,
"lin": -0.0006834486,
"AR1": 0.7554468,
"AR2": 0.219324 
},
"type": "log1",
"AR_level":        2,
"r_square": 0.9751916,
"standard_error": 0.006698972,
"number_parameters": 4,
"intervention_values": [ 54, 176 ] 
}
